filename,width,height,class,xmin,ymin,xmax,ymax
9a6f354940e93dd4_jpg.rf.008dbe42611b61d5961f6e7f48d96164.jpg,416,416,Car,23,37,360,368
9a6f354940e93dd4_jpg.rf.008dbe42611b61d5961f6e7f48d96164.jpg,416,416,Car,325,150,354,179
1d9e2bdfc0ef4f35_jpg.rf.08a1d55eadb2933a8bee441c161607ad.jpg,416,416,Car,0,9,36,133
1d9e2bdfc0ef4f35_jpg.rf.08a1d55eadb2933a8bee441c161607ad.jpg,416,416,Car,0,0,152,62
1d9e2bdfc0ef4f35_jpg.rf.08a1d55eadb2933a8bee441c161607ad.jpg,416,416,Car,10,29,293,415
1d9e2bdfc0ef4f35_jpg.rf.08a1d55eadb2933a8bee441c161607ad.jpg,416,416,Car,144,0,159,34
7ee812fcba54457d_jpg.rf.05262851492c8db5d33b9be97d67eab2.jpg,416,416,Motorcycle,30,84,358,359
09acb63accd06236_jpg.rf.09c449f5675811d6b437c7d6b9e4a9b4.jpg,416,416,Truck,17,87,398,330
3967e7c4900084d6_jpg.rf.0903ee44cebbc48bf4e0ca0d7b89d8d7.jpg,416,416,Bus,104,76,294,363
352fcffeb445679c_jpg.rf.096ad3f410e1da1a6fca2c131c554614.jpg,416,416,Car,68,304,208,373
352fcffeb445679c_jpg.rf.096ad3f410e1da1a6fca2c131c554614.jpg,416,416,Car,237,290,320,344
352fcffeb445679c_jpg.rf.096ad3f410e1da1a6fca2c131c554614.jpg,416,416,Car,334,285,377,321
352fcffeb445679c_jpg.rf.096ad3f410e1da1a6fca2c131c554614.jpg,416,416,Car,379,290,405,313
bad3fff8e9589902_jpg.rf.06650866c4b4027651fac7a7c823b8ef.jpg,416,416,Car,0,223,152,303
547c1b1416d7b64d_jpg.rf.0122209e71c68545742ad0c7469a0fa7.jpg,416,416,Ambulance,18,85,394,386
547c1b1416d7b64d_jpg.rf.0122209e71c68545742ad0c7469a0fa7.jpg,416,416,Ambulance,301,138,413,279
13ea89974fc5e30b_jpg.rf.09b41ca56e030a63c1ff30108879e653.jpg,416,416,Truck,26,184,67,216
13ea89974fc5e30b_jpg.rf.09b41ca56e030a63c1ff30108879e653.jpg,416,416,Truck,248,160,376,219
5be17124d52e2422_jpg.rf.036e37a69908c50442c4f9797805321a.jpg,416,416,Car,0,177,27,222
5be17124d52e2422_jpg.rf.036e37a69908c50442c4f9797805321a.jpg,416,416,Car,0,166,66,223
5be17124d52e2422_jpg.rf.036e37a69908c50442c4f9797805321a.jpg,416,416,Car,57,178,92,210
5be17124d52e2422_jpg.rf.036e37a69908c50442c4f9797805321a.jpg,416,416,Car,80,179,107,207
5be17124d52e2422_jpg.rf.036e37a69908c50442c4f9797805321a.jpg,416,416,Car,152,179,189,196
5be17124d52e2422_jpg.rf.036e37a69908c50442c4f9797805321a.jpg,416,416,Car,175,173,228,200
5be17124d52e2422_jpg.rf.036e37a69908c50442c4f9797805321a.jpg,416,416,Car,303,169,330,216
5be17124d52e2422_jpg.rf.036e37a69908c50442c4f9797805321a.jpg,416,416,Car,310,161,416,231
5be17124d52e2422_jpg.rf.036e37a69908c50442c4f9797805321a.jpg,416,416,Car,336,201,415,249
d33229162d822801_jpg.rf.0098eaffc64d4c92e890768bafb7ea2c.jpg,416,416,Car,143,151,358,333
d33229162d822801_jpg.rf.0098eaffc64d4c92e890768bafb7ea2c.jpg,416,416,Car,0,154,29,190
d33229162d822801_jpg.rf.0098eaffc64d4c92e890768bafb7ea2c.jpg,416,416,Car,26,157,55,188
d33229162d822801_jpg.rf.0098eaffc64d4c92e890768bafb7ea2c.jpg,416,416,Car,48,159,80,189
d33229162d822801_jpg.rf.0098eaffc64d4c92e890768bafb7ea2c.jpg,416,416,Car,61,163,97,185
041e674d0d9a45ec_jpg.rf.04aceb09b28469c6ecd8b29890a29a35.jpg,416,416,Motorcycle,15,44,299,394
3b6986bd37ece365_jpg.rf.01c55af033810de25aec1fe9cc4d525c.jpg,416,416,Car,167,162,359,325
4589c2d83ce48bae_jpg.rf.0aa741b7e8596d7eeb058898eb3e08a4.jpg,416,416,Truck,11,76,383,320
5152a73eea6c7a2e_jpg.rf.07561934b420d3c8bed2c8caee32434b.jpg,416,416,Car,8,170,416,295
5180d4b18ca6cef4_jpg.rf.09fcb321e2135f73c114b8e5190f666d.jpg,416,416,Truck,106,125,343,336
99d905d40b37c9a6_jpg.rf.03bbb0023f59c1335b5b3fb30dd02634.jpg,416,416,Car,32,102,355,267
447c9ff274fab842_jpg.rf.06185ccadc21acd0e6e8121794533341.jpg,416,416,Bus,22,0,402,389
447c9ff274fab842_jpg.rf.06185ccadc21acd0e6e8121794533341.jpg,416,416,Bus,366,55,416,357
040d25a99e7b675b_jpg.rf.0c0cbd61ec3630212d1c49de4f512c95.jpg,416,416,Ambulance,1,231,260,380
0d829bbd335fe81c_jpg.rf.070b47e1f4943dbce964d82dfc26cfa6.jpg,416,416,Bus,10,116,410,374
a70bc382ce075409_jpg.rf.0c07d02bddc9bd661aca8ab072bb8408.jpg,416,416,Truck,48,95,390,353
65e29a38268145a8_jpg.rf.0f569cb5b1dfa68917af897d611da6e0.jpg,416,416,Car,43,27,403,392
65e29a38268145a8_jpg.rf.0f569cb5b1dfa68917af897d611da6e0.jpg,416,416,Car,263,86,415,237
65e29a38268145a8_jpg.rf.0f569cb5b1dfa68917af897d611da6e0.jpg,416,416,Car,371,86,415,144
6fcb072467002402_jpg.rf.0df563cf9e62fa7f8649db4dd66ca1d1.jpg,416,416,Car,159,115,259,237
27fed64f6e8e0fb1_jpg.rf.03e4641c98ddde811675ae827201c91d.jpg,416,416,Car,0,162,21,340
27fed64f6e8e0fb1_jpg.rf.03e4641c98ddde811675ae827201c91d.jpg,416,416,Car,11,113,214,339
27fed64f6e8e0fb1_jpg.rf.03e4641c98ddde811675ae827201c91d.jpg,416,416,Car,177,116,403,335
27fed64f6e8e0fb1_jpg.rf.03e4641c98ddde811675ae827201c91d.jpg,416,416,Car,349,112,416,311
4efd242e1c4b204c_jpg.rf.10f54fa4e50dadedeed05fe6bd6c07f7.jpg,416,416,Truck,71,160,338,390
4efd242e1c4b204c_jpg.rf.10f54fa4e50dadedeed05fe6bd6c07f7.jpg,416,416,Truck,47,87,123,178
4efd242e1c4b204c_jpg.rf.10f54fa4e50dadedeed05fe6bd6c07f7.jpg,416,416,Truck,336,54,368,110
2364e615592f1fe0_jpg.rf.0779b256925071912e3e7105259fe549.jpg,416,416,Bus,26,30,331,390
b0c53f5874d27590_jpg.rf.0a5c1fb8e333db2cea5cf86a53c3f8b6.jpg,416,416,Car,0,166,42,230
a0b5db178759f6ca_jpg.rf.128bb5f0660a00ab81408f16bc1de295.jpg,416,416,Motorcycle,217,225,289,416
c77be5bb5fb7e75c_jpg.rf.0f4f0992f79d06dab2c2a42757ccfb04.jpg,416,416,Bus,0,133,331,335
a7a0f7d1903a8072_jpg.rf.1539b8ae91f8ee6ea64d95e4e1b40959.jpg,416,416,Truck,24,144,377,337
ea4db6d3182a65f7_jpg.rf.154d49a9db09e833f79950f1ad3690ae.jpg,416,416,Car,209,277,381,379
cb4e0dac761c5e79_jpg.rf.1192f27f6d5a76f0789b7b1af33f311a.jpg,416,416,Car,93,229,131,274
44e913fc3c81999f_jpg.rf.130653d8a4089c13e6d880921fe7fd0a.jpg,416,416,Car,25,220,396,390
6f6469b661188809_jpg.rf.11d94e785c57eb82e03c3c0a1911127d.jpg,416,416,Ambulance,70,72,282,368
b12f449994380c37_jpg.rf.12f029355613a4f0f3495147908e2763.jpg,416,416,Bus,23,13,371,380
40b4b49db4472185_jpg.rf.111362d3525ccb1df2d7f91dd9e0321d.jpg,416,416,Bus,51,23,356,357
9b57ee9468a373aa_jpg.rf.12cfc85805dd32f38b0fdeb9b59b56be.jpg,416,416,Bus,147,248,159,269
9b57ee9468a373aa_jpg.rf.12cfc85805dd32f38b0fdeb9b59b56be.jpg,416,416,Bus,194,105,303,357
9f44fe965d91b697_jpg.rf.14fd35b087fea32023660e19f43ab09d.jpg,416,416,Car,12,218,62,241
9f44fe965d91b697_jpg.rf.14fd35b087fea32023660e19f43ab09d.jpg,416,416,Car,59,217,99,235
230823605bf60c37_jpg.rf.13fa9fd310eff5ac62c051a137870e8a.jpg,416,416,Ambulance,34,33,389,392
230823605bf60c37_jpg.rf.13fa9fd310eff5ac62c051a137870e8a.jpg,416,416,Ambulance,292,89,413,253
823dc9232c0c68f9_jpg.rf.1675da190759a963762ed2004abdf4c7.jpg,416,416,Truck,62,106,351,347
d5eee03017071328_jpg.rf.165981b69b7c696229f632f395a95075.jpg,416,416,Ambulance,84,79,360,396
c238ce6250dcd9d7_jpg.rf.0be4c8fea450d9ea3518250f58e586ed.jpg,416,416,Ambulance,89,120,366,292
30c34450257afce3_jpg.rf.03b9bec576ffde990f9fca158d621695.jpg,416,416,Car,29,144,395,360
c6f32b8a12b9a44a_jpg.rf.18a8776c64bf7d89588d86cb0611fb81.jpg,416,416,Motorcycle,79,57,390,407
c6f32b8a12b9a44a_jpg.rf.18a8776c64bf7d89588d86cb0611fb81.jpg,416,416,Motorcycle,0,52,23,141
c6f32b8a12b9a44a_jpg.rf.18a8776c64bf7d89588d86cb0611fb81.jpg,416,416,Motorcycle,40,15,111,105
c6f32b8a12b9a44a_jpg.rf.18a8776c64bf7d89588d86cb0611fb81.jpg,416,416,Motorcycle,47,13,110,74
c6f32b8a12b9a44a_jpg.rf.18a8776c64bf7d89588d86cb0611fb81.jpg,416,416,Motorcycle,76,0,88,18
c6f32b8a12b9a44a_jpg.rf.18a8776c64bf7d89588d86cb0611fb81.jpg,416,416,Motorcycle,89,0,113,22
c6f32b8a12b9a44a_jpg.rf.18a8776c64bf7d89588d86cb0611fb81.jpg,416,416,Motorcycle,268,11,393,174
c6f32b8a12b9a44a_jpg.rf.18a8776c64bf7d89588d86cb0611fb81.jpg,416,416,Motorcycle,377,7,416,82
c6f32b8a12b9a44a_jpg.rf.18a8776c64bf7d89588d86cb0611fb81.jpg,416,416,Motorcycle,391,121,416,240
32a5e22ccdaa8d98_jpg.rf.18278344cd67247d1226f15b7f38c7cf.jpg,416,416,Car,0,198,115,415
32a5e22ccdaa8d98_jpg.rf.18278344cd67247d1226f15b7f38c7cf.jpg,416,416,Car,147,194,170,227
7bec73d280fb3fb3_jpg.rf.1bc84c847c80e24482016927b53f5bbb.jpg,416,416,Bus,0,63,396,384
dc904e3df7290455_jpg.rf.179d612d5a50198db826a69d7732871e.jpg,416,416,Car,0,48,415,322
d56b0614c384299d_jpg.rf.22e1cef6529d2a5432036b01bef5ee13.jpg,416,416,Car,47,147,264,308
91e11943f15e4b3c_jpg.rf.0f725f154b87a73255ad71ba1ddad5fc.jpg,416,416,Car,61,88,350,268
a37730f43629ed00_jpg.rf.1f16c73c7faf6a7ee353caadd2c18f76.jpg,416,416,Car,13,153,389,334
a37730f43629ed00_jpg.rf.1f16c73c7faf6a7ee353caadd2c18f76.jpg,416,416,Car,370,200,415,246
f0f681ded8dcb793_jpg.rf.19ba47a474ceb57f94e254852484163c.jpg,416,416,Truck,65,95,407,398
81bd05743ca6aeca_jpg.rf.20b44037c2c0fa03e40cdf52eafa3464.jpg,416,416,Car,13,91,385,319
81bd05743ca6aeca_jpg.rf.20b44037c2c0fa03e40cdf52eafa3464.jpg,416,416,Car,304,94,371,147
6f264bba4e43a80d_jpg.rf.1fb24963fc896d1ea3dcff7e6e4d33f4.jpg,416,416,Motorcycle,125,189,340,378
d42a0bbfe8880627_jpg.rf.165645374c7bd88c5786a90807f33c1b.jpg,416,416,Car,0,269,128,313
fb23426a994489c5_jpg.rf.28f992a9995314c47b3513939d81953c.jpg,416,416,Car,89,303,173,339
fb23426a994489c5_jpg.rf.28f992a9995314c47b3513939d81953c.jpg,416,416,Car,185,298,327,350
1c64bff45216007f_jpg.rf.26ed073202367d6557a56663e3fbd115.jpg,416,416,Truck,45,58,402,355
e5c0f9ec07e64e58_jpg.rf.1a460ae992e3f7d6ef44b727f59fc67d.jpg,416,416,Car,6,50,397,351
66f8fb08aec69f56_jpg.rf.23c613c8b1331b976d8e1cc95ec69696.jpg,416,416,Ambulance,47,33,275,176
8e7132bac206401a_jpg.rf.2746c0404e645c38981e0645a74eadde.jpg,416,416,Bus,46,20,403,394
a836b230394abec3_jpg.rf.2468fc0a90abe63a9b382948fbe3daae.jpg,416,416,Motorcycle,134,114,385,375
f843e953b9f2d8e1_jpg.rf.1514a5421203764e7f765a272a1d6743.jpg,416,416,Car,48,293,335,393
f843e953b9f2d8e1_jpg.rf.1514a5421203764e7f765a272a1d6743.jpg,416,416,Car,345,269,416,367
fedcf2c1a78c1446_jpg.rf.257120d2f52fd3c4fc8e0da9d3e62c22.jpg,416,416,Car,170,291,273,386
fedcf2c1a78c1446_jpg.rf.257120d2f52fd3c4fc8e0da9d3e62c22.jpg,416,416,Car,273,288,346,330
fedcf2c1a78c1446_jpg.rf.257120d2f52fd3c4fc8e0da9d3e62c22.jpg,416,416,Car,352,296,369,313
f0e4f481d71014ab_jpg.rf.187ebb0639aea4d3813e9dd9305389b8.jpg,416,416,Truck,0,68,392,415
1b9c5720266a6140_jpg.rf.15c9ba61b873dce4174581a746d87b59.jpg,416,416,Ambulance,0,9,223,371
8996881c2bf7245a_jpg.rf.1c7eee636f78a26de9f65dbe45f02ac7.jpg,416,416,Car,8,297,188,405
b829b619823db831_jpg.rf.1543a036762a857998abb4bcd3c7c801.jpg,416,416,Car,60,114,366,364
58d3e22c4c0d038d_jpg.rf.3318fe5cdf384ed09c6c7ccc1eb128a2.jpg,416,416,Car,10,10,411,413
a86e99068ec8dade_jpg.rf.200a39c3c247f2cabe8e13284d4e17c8.jpg,416,416,Car,2,184,187,394
f784a8f5b2e0edbc_jpg.rf.18b7bef019e2d95d24fc400f754c9df4.jpg,416,416,Car,100,159,114,193
f784a8f5b2e0edbc_jpg.rf.18b7bef019e2d95d24fc400f754c9df4.jpg,416,416,Car,111,155,166,238
f784a8f5b2e0edbc_jpg.rf.18b7bef019e2d95d24fc400f754c9df4.jpg,416,416,Car,147,180,264,375
f784a8f5b2e0edbc_jpg.rf.18b7bef019e2d95d24fc400f754c9df4.jpg,416,416,Car,156,147,185,183
f784a8f5b2e0edbc_jpg.rf.18b7bef019e2d95d24fc400f754c9df4.jpg,416,416,Car,168,183,332,411
f784a8f5b2e0edbc_jpg.rf.18b7bef019e2d95d24fc400f754c9df4.jpg,416,416,Car,207,163,248,199
f0aa9d4ad9fc9e87_jpg.rf.1c494e30b0a2d9467a13791e4090b461.jpg,416,416,Motorcycle,75,96,331,356
ba0341a067357bd0_jpg.rf.333bccad2babcef7cbac9e8e47d4e3c4.jpg,416,416,Motorcycle,185,173,247,341
28ed22d3254867a6_jpg.rf.2644f9be8f00339b361fb9db8de76cf0.jpg,416,416,Truck,107,223,184,270
8ab42b1f71d61b19_jpg.rf.2c3ca022aa5724820ada53da12da5a53.jpg,416,416,Car,34,78,351,328
04c1d6c2570a7c42_jpg.rf.39e2ac1916d89c29a860060eb977a8a8.jpg,416,416,Truck,280,120,416,274
cd04413a18fb1790_jpg.rf.392122b5198924daae4b8742e5bca98f.jpg,416,416,Car,161,125,375,387
20c199ea745dd0de_jpg.rf.235289ed268c47c46d74bfbc4d071f09.jpg,416,416,Ambulance,0,118,43,281
20c199ea745dd0de_jpg.rf.235289ed268c47c46d74bfbc4d071f09.jpg,416,416,Ambulance,27,57,389,415
20c199ea745dd0de_jpg.rf.235289ed268c47c46d74bfbc4d071f09.jpg,416,416,Ambulance,255,91,416,304
3adea569e0432f6a_jpg.rf.2b8b13b50889ed674de27cc69955c964.jpg,416,416,Car,36,329,58,358
3adea569e0432f6a_jpg.rf.2b8b13b50889ed674de27cc69955c964.jpg,416,416,Car,53,324,101,373
3adea569e0432f6a_jpg.rf.2b8b13b50889ed674de27cc69955c964.jpg,416,416,Car,159,301,195,351
3adea569e0432f6a_jpg.rf.2b8b13b50889ed674de27cc69955c964.jpg,416,416,Car,174,308,245,380
0133391d627e6df4_jpg.rf.39b56ea4597a01b6e40c8c176fa32f7b.jpg,416,416,Truck,101,43,336,353
6361620bf0d610ac_jpg.rf.301dadbf4334a88c955f1c338002dc92.jpg,416,416,Truck,0,193,25,213
6361620bf0d610ac_jpg.rf.301dadbf4334a88c955f1c338002dc92.jpg,416,416,Truck,21,188,61,210
6361620bf0d610ac_jpg.rf.301dadbf4334a88c955f1c338002dc92.jpg,416,416,Truck,55,193,86,209
6361620bf0d610ac_jpg.rf.301dadbf4334a88c955f1c338002dc92.jpg,416,416,Truck,308,193,416,248
7c4956f09516e64c_jpg.rf.19004fab0aa2d134c8c6d57dc3358f52.jpg,416,416,Car,0,134,75,163
7c4956f09516e64c_jpg.rf.19004fab0aa2d134c8c6d57dc3358f52.jpg,416,416,Car,1,131,113,188
7c4956f09516e64c_jpg.rf.19004fab0aa2d134c8c6d57dc3358f52.jpg,416,416,Car,3,107,183,217
7c4956f09516e64c_jpg.rf.19004fab0aa2d134c8c6d57dc3358f52.jpg,416,416,Car,38,141,253,272
7c4956f09516e64c_jpg.rf.19004fab0aa2d134c8c6d57dc3358f52.jpg,416,416,Car,118,149,394,373
7c4956f09516e64c_jpg.rf.19004fab0aa2d134c8c6d57dc3358f52.jpg,416,416,Car,253,115,324,167
076317ab4c925aa9_jpg.rf.2b342018f64e68da82546169ae486429.jpg,416,416,Bus,0,0,185,415
076317ab4c925aa9_jpg.rf.2b342018f64e68da82546169ae486429.jpg,416,416,Bus,305,183,411,278
558029647efc23fb_jpg.rf.2754bd90664ec51f76ab7baf006b0af6.jpg,416,416,Car,0,55,44,96
558029647efc23fb_jpg.rf.2754bd90664ec51f76ab7baf006b0af6.jpg,416,416,Car,0,58,124,129
558029647efc23fb_jpg.rf.2754bd90664ec51f76ab7baf006b0af6.jpg,416,416,Car,0,73,223,220
558029647efc23fb_jpg.rf.2754bd90664ec51f76ab7baf006b0af6.jpg,416,416,Car,24,48,398,354
b9e1dcfd07291353_jpg.rf.3e1fd6d1447bf3aac53415616bf8553c.jpg,416,416,Motorcycle,189,213,282,314
f8c637fc8220a918_jpg.rf.3e49c717ef2a60aea8d3542a974facf9.jpg,416,416,Bus,80,34,330,416
aecd7416f432a683_jpg.rf.3b7793b4a69f6fa34d67dbf4eb76c8d8.jpg,416,416,Bus,0,126,121,241
aecd7416f432a683_jpg.rf.3b7793b4a69f6fa34d67dbf4eb76c8d8.jpg,416,416,Bus,7,0,416,416
aecd7416f432a683_jpg.rf.3b7793b4a69f6fa34d67dbf4eb76c8d8.jpg,416,416,Bus,314,4,416,252
3fd6655efb7421d7_jpg.rf.3fa8723bb8197676b32f715bbf6799df.jpg,416,416,Car,24,16,402,215
3fd6655efb7421d7_jpg.rf.3fa8723bb8197676b32f715bbf6799df.jpg,416,416,Car,155,313,383,375
f5983edffb0122f6_jpg.rf.31fd596a03733558a422691f9b36b283.jpg,416,416,Motorcycle,15,1,407,416
4a6fdb56291f3a52_jpg.rf.37451e12cd8412da01328e6be4043abe.jpg,416,416,Car,352,232,416,372
a95dff91d3ce071a_jpg.rf.306a543fcd778e115eb4fe93d6166a64.jpg,416,416,Motorcycle,12,16,415,414
a3a9d9452578defa_jpg.rf.32b1700f7ac83ead39a4363a15a659ba.jpg,416,416,Bus,0,253,149,388
eee9fc95c2437751_jpg.rf.319af6a0a002ffd7a6d49bcc0926742a.jpg,416,416,Bus,16,197,386,362
eee9fc95c2437751_jpg.rf.319af6a0a002ffd7a6d49bcc0926742a.jpg,416,416,Bus,401,195,416,305
2a565728597f77d4_jpg.rf.3587b826dccdc2f204d1c7475ac7e0c6.jpg,416,416,Truck,29,121,397,342
8f28dbee29152679_jpg.rf.354589d44802c0e1d0a2fa10027e1e99.jpg,416,416,Car,37,39,349,380
8f28dbee29152679_jpg.rf.354589d44802c0e1d0a2fa10027e1e99.jpg,416,416,Car,0,30,145,266
8f28dbee29152679_jpg.rf.354589d44802c0e1d0a2fa10027e1e99.jpg,416,416,Car,128,74,155,99
8f28dbee29152679_jpg.rf.354589d44802c0e1d0a2fa10027e1e99.jpg,416,416,Car,154,76,167,100
8f28dbee29152679_jpg.rf.354589d44802c0e1d0a2fa10027e1e99.jpg,416,416,Car,341,79,416,139
094a36746383c2c9_jpg.rf.3b8e665df62fff5d4c23048ae22a3994.jpg,416,416,Car,0,118,42,177
094a36746383c2c9_jpg.rf.3b8e665df62fff5d4c23048ae22a3994.jpg,416,416,Car,0,109,382,325
094a36746383c2c9_jpg.rf.3b8e665df62fff5d4c23048ae22a3994.jpg,416,416,Car,91,119,150,169
094a36746383c2c9_jpg.rf.3b8e665df62fff5d4c23048ae22a3994.jpg,416,416,Car,142,113,184,136
094a36746383c2c9_jpg.rf.3b8e665df62fff5d4c23048ae22a3994.jpg,416,416,Car,333,131,415,186
87b33e9edd7ccafe_jpg.rf.37dc0e31d0d8576664fd17531e96d1e4.jpg,416,416,Ambulance,63,27,334,342
bf0fd1bb683dab7c_jpg.rf.443af272c6826dd9f6514d1e2a60dbf6.jpg,416,416,Truck,52,73,370,398
bf0fd1bb683dab7c_jpg.rf.443af272c6826dd9f6514d1e2a60dbf6.jpg,416,416,Truck,0,182,18,267
bf0fd1bb683dab7c_jpg.rf.443af272c6826dd9f6514d1e2a60dbf6.jpg,416,416,Truck,0,164,107,280
bf0fd1bb683dab7c_jpg.rf.443af272c6826dd9f6514d1e2a60dbf6.jpg,416,416,Truck,286,138,402,296
17d99b801acab230_jpg.rf.40a98d84ce8159e0790e9eb927a0eda6.jpg,416,416,Motorcycle,177,178,231,246
3061a0dcab735c59_jpg.rf.3e8fb7cae70ca8fd424be620035bb1a2.jpg,416,416,Car,56,135,349,383
f868db46dea5554e_jpg.rf.3a556fd77875d24b2f0b8faeab0bb544.jpg,416,416,Motorcycle,102,229,271,370
f868db46dea5554e_jpg.rf.3a556fd77875d24b2f0b8faeab0bb544.jpg,416,416,Motorcycle,0,135,21,240
f868db46dea5554e_jpg.rf.3a556fd77875d24b2f0b8faeab0bb544.jpg,416,416,Motorcycle,30,118,81,198
f868db46dea5554e_jpg.rf.3a556fd77875d24b2f0b8faeab0bb544.jpg,416,416,Motorcycle,32,173,150,310
f868db46dea5554e_jpg.rf.3a556fd77875d24b2f0b8faeab0bb544.jpg,416,416,Motorcycle,406,95,415,177
ceaec0f3cdb104c0_jpg.rf.416a56e242fc4d277acbc4ba445f8c61.jpg,416,416,Bus,76,222,368,395
ceaec0f3cdb104c0_jpg.rf.416a56e242fc4d277acbc4ba445f8c61.jpg,416,416,Bus,365,312,390,363
aeacc12dda099133_jpg.rf.3a9700a691c7140aac41e03c653099ce.jpg,416,416,Car,141,173,310,286
aeacc12dda099133_jpg.rf.3a9700a691c7140aac41e03c653099ce.jpg,416,416,Car,24,144,84,163
aeacc12dda099133_jpg.rf.3a9700a691c7140aac41e03c653099ce.jpg,416,416,Car,169,153,207,166
aeacc12dda099133_jpg.rf.3a9700a691c7140aac41e03c653099ce.jpg,416,416,Car,206,148,252,165
aeacc12dda099133_jpg.rf.3a9700a691c7140aac41e03c653099ce.jpg,416,416,Car,377,198,403,258
089cc41a901b2653_jpg.rf.2b2e23c2c7f2fc83b96153de45282ca3.jpg,416,416,Ambulance,19,222,48,254
089cc41a901b2653_jpg.rf.2b2e23c2c7f2fc83b96153de45282ca3.jpg,416,416,Ambulance,124,201,160,258
089cc41a901b2653_jpg.rf.2b2e23c2c7f2fc83b96153de45282ca3.jpg,416,416,Ambulance,158,181,222,265
7ee15edb0c2a85a3_jpg.rf.4089ae7fc0cce2fc0238ed77bc66d77e.jpg,416,416,Motorcycle,14,159,325,355
63ee0ce9f69bf8e5_jpg.rf.43d448a0ada85e0a60cf6fbb73ed1b26.jpg,416,416,Ambulance,68,130,352,328
c9ddb43cf0449556_jpg.rf.3a4e87372c4c6b11d95fafe37d0a5ea3.jpg,416,416,Car,94,114,316,297
c9ddb43cf0449556_jpg.rf.3a4e87372c4c6b11d95fafe37d0a5ea3.jpg,416,416,Car,350,96,416,264
b792b9170353420e_jpg.rf.3df117c17d19cfb906f91d863fff2f6a.jpg,416,416,Car,164,175,179,188
b792b9170353420e_jpg.rf.3df117c17d19cfb906f91d863fff2f6a.jpg,416,416,Car,194,159,361,340
8a82a293c3687273_jpg.rf.3f6b79948a8055df914d464eb45c4ddb.jpg,416,416,Motorcycle,232,37,416,351
dc8bd5855688ad54_jpg.rf.419670ac209a40acaaac0caa5a85d0f6.jpg,416,416,Car,5,206,159,268
dc8bd5855688ad54_jpg.rf.419670ac209a40acaaac0caa5a85d0f6.jpg,416,416,Car,257,204,409,270
dc8bd5855688ad54_jpg.rf.419670ac209a40acaaac0caa5a85d0f6.jpg,416,416,Car,345,302,416,416
aeb050c3f8cd4cd0_jpg.rf.42a9575a5aaff04e9cc9e57686d1b506.jpg,416,416,Ambulance,135,127,394,367
52ecf401e54ac404_jpg.rf.44dc39dcae8af7901191936225e2f6d9.jpg,416,416,Ambulance,33,154,174,287
52ecf401e54ac404_jpg.rf.44dc39dcae8af7901191936225e2f6d9.jpg,416,416,Ambulance,166,155,277,281
52ecf401e54ac404_jpg.rf.44dc39dcae8af7901191936225e2f6d9.jpg,416,416,Ambulance,280,150,356,271
1238d5f7b2820007_jpg.rf.43766ec3a7eb4e18164fb3fd72552793.jpg,416,416,Bus,53,71,352,326
1238d5f7b2820007_jpg.rf.43766ec3a7eb4e18164fb3fd72552793.jpg,416,416,Bus,363,173,384,215
1238d5f7b2820007_jpg.rf.43766ec3a7eb4e18164fb3fd72552793.jpg,416,416,Bus,381,166,415,215
edf2794344b68506_jpg.rf.3f244d4da75f841676964830bc8b27e6.jpg,416,416,Truck,9,152,138,268
6369f9d6c2bfab75_jpg.rf.47a043f6600b4db0b015d9d0ff593056.jpg,416,416,Truck,0,34,123,121
d6aff68bbb64a2d7_jpg.rf.4421ba29000a9ad8f858b09bce99ff1a.jpg,416,416,Bus,0,17,415,331
6704ff10a79cf50f_jpg.rf.45e1dcb768621bd51398f11a9e8be6f2.jpg,416,416,Ambulance,0,70,79,323
6704ff10a79cf50f_jpg.rf.45e1dcb768621bd51398f11a9e8be6f2.jpg,416,416,Ambulance,75,62,343,365
6704ff10a79cf50f_jpg.rf.45e1dcb768621bd51398f11a9e8be6f2.jpg,416,416,Ambulance,309,94,415,309
ccda9fe055e7fb14_jpg.rf.45deeb6a534a12352be411e59ca86fbd.jpg,416,416,Ambulance,130,32,412,384
3ded02412ac12d4b_jpg.rf.4722983021e14dd09d47c566d107f2ea.jpg,416,416,Bus,128,100,395,370
cde55879f441882f_jpg.rf.49e637463d97d20f883579e4658cfcc3.jpg,416,416,Truck,51,251,136,295
cde55879f441882f_jpg.rf.49e637463d97d20f883579e4658cfcc3.jpg,416,416,Truck,115,239,179,306
cde55879f441882f_jpg.rf.49e637463d97d20f883579e4658cfcc3.jpg,416,416,Truck,118,206,150,226
cde55879f441882f_jpg.rf.49e637463d97d20f883579e4658cfcc3.jpg,416,416,Truck,241,203,276,220
723f1dec45f28293_jpg.rf.48b92ebf3182bf0d51bd52ee50bd5a09.jpg,416,416,Bus,43,12,350,395
c3a9caff83640956_jpg.rf.487d68c83485d7a81b1bac8226048c10.jpg,416,416,Car,0,235,153,415
c3a9caff83640956_jpg.rf.487d68c83485d7a81b1bac8226048c10.jpg,416,416,Car,372,247,416,305
bdc6ddcd3b5129bb_jpg.rf.489a842c0c5d160292858f05597e0384.jpg,416,416,Bus,41,163,155,303
bdc6ddcd3b5129bb_jpg.rf.489a842c0c5d160292858f05597e0384.jpg,416,416,Bus,143,136,416,350
ebac2405f7f51c19_jpg.rf.4562ae86104c62cf8c4e62a666f7b884.jpg,416,416,Motorcycle,332,331,378,365
53b558dba2201be2_jpg.rf.444117987bad783005b201c4600668fc.jpg,416,416,Car,0,90,149,216
53b558dba2201be2_jpg.rf.444117987bad783005b201c4600668fc.jpg,416,416,Car,40,97,396,301
53b558dba2201be2_jpg.rf.444117987bad783005b201c4600668fc.jpg,416,416,Car,394,196,416,277
a7d33981079f545f_jpg.rf.3f12f45d9a3212f9928d9ac040f003c1.jpg,416,416,Bus,112,152,300,379
031a836081712b50_jpg.rf.4655fd23a7d301cabe9527538c510212.jpg,416,416,Truck,0,48,200,336
031a836081712b50_jpg.rf.4655fd23a7d301cabe9527538c510212.jpg,416,416,Truck,284,177,415,294
bd83b1913c6b7453_jpg.rf.46a23774b232958ca2d074a12074012e.jpg,416,416,Bus,188,153,320,274
bd83b1913c6b7453_jpg.rf.46a23774b232958ca2d074a12074012e.jpg,416,416,Bus,307,188,334,241
bd83b1913c6b7453_jpg.rf.46a23774b232958ca2d074a12074012e.jpg,416,416,Bus,334,184,360,240
bd83b1913c6b7453_jpg.rf.46a23774b232958ca2d074a12074012e.jpg,416,416,Bus,359,107,416,340
068868f40fb6dbec_jpg.rf.4b8abc79dc8296b2f18cfd56392c540f.jpg,416,416,Truck,190,286,268,362
068868f40fb6dbec_jpg.rf.4b8abc79dc8296b2f18cfd56392c540f.jpg,416,416,Truck,8,15,58,77
068868f40fb6dbec_jpg.rf.4b8abc79dc8296b2f18cfd56392c540f.jpg,416,416,Truck,50,126,108,188
068868f40fb6dbec_jpg.rf.4b8abc79dc8296b2f18cfd56392c540f.jpg,416,416,Truck,92,196,171,284
068868f40fb6dbec_jpg.rf.4b8abc79dc8296b2f18cfd56392c540f.jpg,416,416,Truck,248,152,323,238
068868f40fb6dbec_jpg.rf.4b8abc79dc8296b2f18cfd56392c540f.jpg,416,416,Truck,271,0,403,202
5be6fbdc2835aa92_jpg.rf.4d250f8208d7b15bbd3af01188a2ce0e.jpg,416,416,Motorcycle,59,44,364,371
2b9ced539656ae78_jpg.rf.4e0f27d4c836768618f28e11290884de.jpg,416,416,Car,42,128,162,247
592e3df4fde8793d_jpg.rf.4dff20c79f5da6afa993f1ed86fa95f0.jpg,416,416,Car,147,179,207,253
592e3df4fde8793d_jpg.rf.4dff20c79f5da6afa993f1ed86fa95f0.jpg,416,416,Car,209,179,231,205
592e3df4fde8793d_jpg.rf.4dff20c79f5da6afa993f1ed86fa95f0.jpg,416,416,Car,263,172,276,178
592e3df4fde8793d_jpg.rf.4dff20c79f5da6afa993f1ed86fa95f0.jpg,416,416,Car,265,177,279,196
0b35c604f8a87bd0_jpg.rf.49f5054083dcf8019062d9ed8d745558.jpg,416,416,Ambulance,0,44,145,283
0b35c604f8a87bd0_jpg.rf.49f5054083dcf8019062d9ed8d745558.jpg,416,416,Ambulance,1,58,35,130
0b35c604f8a87bd0_jpg.rf.49f5054083dcf8019062d9ed8d745558.jpg,416,416,Ambulance,50,17,336,363
4caf1ee77638a3fd_jpg.rf.4c93c398b617f00bf68a8dfce3db5bdb.jpg,416,416,Motorcycle,175,147,297,296
c0e2ca0a63cc7aac_jpg.rf.4ea50472d57ad8d9528d79667ee31c17.jpg,416,416,Bus,149,208,307,317
3e485b3cb8cb0739_jpg.rf.56b91368e6052787c44ef344c29767bb.jpg,416,416,Car,0,97,84,207
3e485b3cb8cb0739_jpg.rf.56b91368e6052787c44ef344c29767bb.jpg,416,416,Car,174,37,250,92
3e485b3cb8cb0739_jpg.rf.56b91368e6052787c44ef344c29767bb.jpg,416,416,Car,246,41,320,85
3e485b3cb8cb0739_jpg.rf.56b91368e6052787c44ef344c29767bb.jpg,416,416,Car,319,36,387,90
3e485b3cb8cb0739_jpg.rf.56b91368e6052787c44ef344c29767bb.jpg,416,416,Car,408,56,416,93
9d328718dcef1817_jpg.rf.49f7256de68dccfe318a134374fe6fdd.jpg,416,416,Car,91,96,367,358
9d328718dcef1817_jpg.rf.49f7256de68dccfe318a134374fe6fdd.jpg,416,416,Car,349,73,416,165
0f7f3b82ff9db6e8_jpg.rf.55fc681b986a9c6e1c561b40318e97d2.jpg,416,416,Car,61,152,381,334
0da0ba0e59845f96_jpg.rf.52e6b750e2ab24d22afe4a8185153a77.jpg,416,416,Car,0,0,416,416
503173c071165bfb_jpg.rf.59f2292d9132c418c5ac66747b593732.jpg,416,416,Car,0,68,416,416
81ef85dffa49536c_jpg.rf.5072a3f6300337b70f712a7f2aa2a857.jpg,416,416,Bus,131,76,295,286
e7e8dc4cf52ecc62_jpg.rf.54731eda1e0b9a97b4773876dde2e0f0.jpg,416,416,Ambulance,13,55,204,276
e7e8dc4cf52ecc62_jpg.rf.54731eda1e0b9a97b4773876dde2e0f0.jpg,416,416,Ambulance,109,1,398,381
d31c720e294fee1a_jpg.rf.54d3275dfff05fff412126af8c089cf5.jpg,416,416,Truck,85,50,415,396
402d1470aa6c1962_jpg.rf.578bba8f5f47d2433c03338234496166.jpg,416,416,Truck,3,54,404,398
d7fba63298a3e34e_jpg.rf.4eb60dc3fa6cc5cde647347a688e8a88.jpg,416,416,Ambulance,22,159,416,414
302b0d606203f3d2_jpg.rf.57b7d8cb7bce946b88f9c2d8e3604f1f.jpg,416,416,Bus,0,188,29,239
302b0d606203f3d2_jpg.rf.57b7d8cb7bce946b88f9c2d8e3604f1f.jpg,416,416,Bus,62,34,363,339
2d31e0cd26889eaa_jpg.rf.5742d81e6de5b1066529d5e95a235b90.jpg,416,416,Car,14,224,248,329
2d31e0cd26889eaa_jpg.rf.5742d81e6de5b1066529d5e95a235b90.jpg,416,416,Car,83,203,122,220
2d31e0cd26889eaa_jpg.rf.5742d81e6de5b1066529d5e95a235b90.jpg,416,416,Car,124,203,134,217
2d31e0cd26889eaa_jpg.rf.5742d81e6de5b1066529d5e95a235b90.jpg,416,416,Car,338,214,352,222
2d31e0cd26889eaa_jpg.rf.5742d81e6de5b1066529d5e95a235b90.jpg,416,416,Car,356,214,368,224
2d31e0cd26889eaa_jpg.rf.5742d81e6de5b1066529d5e95a235b90.jpg,416,416,Car,370,215,384,222
2d31e0cd26889eaa_jpg.rf.5742d81e6de5b1066529d5e95a235b90.jpg,416,416,Car,393,215,402,224
5e61a07f1d23ec8d_jpg.rf.4b872410612d6b4e416bb37b7f0d0387.jpg,416,416,Ambulance,82,86,336,315
8d0f8a2eb446328a_jpg.rf.5224504d70335945173d415fcc385a1e.jpg,416,416,Bus,0,214,78,267
8d0f8a2eb446328a_jpg.rf.5224504d70335945173d415fcc385a1e.jpg,416,416,Bus,72,188,284,301
28d3c263a66b08f5_jpg.rf.52a8ace0f23c4eafc19c202d9538b84b.jpg,416,416,Motorcycle,234,307,349,357
f34351bcba59ff09_jpg.rf.560e70aa4923375615ef825ca380e09b.jpg,416,416,Bus,116,67,303,308
3434d3efad0adef5_jpg.rf.5703c727dac13cc4de1c756581b43185.jpg,416,416,Motorcycle,0,0,112,61
3434d3efad0adef5_jpg.rf.5703c727dac13cc4de1c756581b43185.jpg,416,416,Motorcycle,0,0,267,231
3434d3efad0adef5_jpg.rf.5703c727dac13cc4de1c756581b43185.jpg,416,416,Motorcycle,109,0,202,46
3434d3efad0adef5_jpg.rf.5703c727dac13cc4de1c756581b43185.jpg,416,416,Motorcycle,264,0,412,91
3434d3efad0adef5_jpg.rf.5703c727dac13cc4de1c756581b43185.jpg,416,416,Motorcycle,291,279,416,415
214e9577f1bc9e1a_jpg.rf.5161e55ba177ff99e566d8b1e033dccd.jpg,416,416,Motorcycle,16,111,132,295
214e9577f1bc9e1a_jpg.rf.5161e55ba177ff99e566d8b1e033dccd.jpg,416,416,Motorcycle,92,59,225,334
214e9577f1bc9e1a_jpg.rf.5161e55ba177ff99e566d8b1e033dccd.jpg,416,416,Motorcycle,232,0,371,415
b2137199558f5219_jpg.rf.5452bb4ef6690cfef58a63eb0177ce2a.jpg,416,416,Car,112,148,178,218
b2137199558f5219_jpg.rf.5452bb4ef6690cfef58a63eb0177ce2a.jpg,416,416,Car,231,158,330,237
b2137199558f5219_jpg.rf.5452bb4ef6690cfef58a63eb0177ce2a.jpg,416,416,Car,320,162,382,212
2d8f99d3e1b461fe_jpg.rf.56fafbcad31e089f1dfaffd30f14e9d0.jpg,416,416,Car,7,95,415,340
2d8f99d3e1b461fe_jpg.rf.56fafbcad31e089f1dfaffd30f14e9d0.jpg,416,416,Car,285,72,415,169
fae37ea779ec1c65_jpg.rf.5c223bd8035d937b703cb0d59eb027dd.jpg,416,416,Car,34,122,387,218
fae37ea779ec1c65_jpg.rf.5c223bd8035d937b703cb0d59eb027dd.jpg,416,416,Car,21,241,198,304
fae37ea779ec1c65_jpg.rf.5c223bd8035d937b703cb0d59eb027dd.jpg,416,416,Car,27,31,221,89
fae37ea779ec1c65_jpg.rf.5c223bd8035d937b703cb0d59eb027dd.jpg,416,416,Car,210,248,412,297
fae37ea779ec1c65_jpg.rf.5c223bd8035d937b703cb0d59eb027dd.jpg,416,416,Car,229,23,392,89
b00a9478020cf814_jpg.rf.5cf880a90075a4f4f212bd78cac557cc.jpg,416,416,Bus,30,45,383,358
c52500a14f92ff65_jpg.rf.6054d2b98dad82bb7382936f63ddd786.jpg,416,416,Truck,61,185,261,292
e5659578c021aacf_jpg.rf.5db7d20b747007342bb2e5af027c8fcd.jpg,416,416,Truck,1,217,108,384
e5659578c021aacf_jpg.rf.5db7d20b747007342bb2e5af027c8fcd.jpg,416,416,Truck,0,81,132,192
e5659578c021aacf_jpg.rf.5db7d20b747007342bb2e5af027c8fcd.jpg,416,416,Truck,0,67,288,180
a438cdc02b45c29c_jpg.rf.58353336b558cea1be564613121f2e07.jpg,416,416,Motorcycle,81,124,318,280
e541b1c93246e2d2_jpg.rf.5ec3470114aa4abca74d92d1f9f691aa.jpg,416,416,Truck,61,83,411,397
7654aaa60913d6a2_jpg.rf.5b7f62851c438c852669390032586086.jpg,416,416,Car,56,67,378,351
7654aaa60913d6a2_jpg.rf.5b7f62851c438c852669390032586086.jpg,416,416,Car,0,61,173,260
7654aaa60913d6a2_jpg.rf.5b7f62851c438c852669390032586086.jpg,416,416,Car,134,61,174,100
7654aaa60913d6a2_jpg.rf.5b7f62851c438c852669390032586086.jpg,416,416,Car,172,62,229,110
7654aaa60913d6a2_jpg.rf.5b7f62851c438c852669390032586086.jpg,416,416,Car,330,64,384,122
7654aaa60913d6a2_jpg.rf.5b7f62851c438c852669390032586086.jpg,416,416,Car,402,86,416,129
7654aaa60913d6a2_jpg.rf.5b7f62851c438c852669390032586086.jpg,416,416,Car,404,57,416,88
ef56d52ee436d7ab_jpg.rf.6365c68c5d417bfa50c522615acb5960.jpg,416,416,Car,34,278,221,345
ef56d52ee436d7ab_jpg.rf.6365c68c5d417bfa50c522615acb5960.jpg,416,416,Car,36,202,213,267
ef56d52ee436d7ab_jpg.rf.6365c68c5d417bfa50c522615acb5960.jpg,416,416,Car,223,212,414,350
9702d272dcc9e1fe_jpg.rf.60b00c19d92c16e557ab3bf0d1cd19e0.jpg,416,416,Bus,230,127,390,320
1b43e569dfb2d630_jpg.rf.608d5aaccc7896e1b69589e175924e30.jpg,416,416,Car,258,93,325,150
1b43e569dfb2d630_jpg.rf.608d5aaccc7896e1b69589e175924e30.jpg,416,416,Car,327,95,409,160
bf9e0fd614ba028d_jpg.rf.6755e73376acdee3ead2875d4f1850d5.jpg,416,416,Car,80,197,184,253
bf9e0fd614ba028d_jpg.rf.6755e73376acdee3ead2875d4f1850d5.jpg,416,416,Car,225,103,332,140
bf9e0fd614ba028d_jpg.rf.6755e73376acdee3ead2875d4f1850d5.jpg,416,416,Car,230,299,345,363
00e2d9121adc0c20_jpg.rf.6248f46ba792972c5b1d2136de7481c6.jpg,416,416,Ambulance,52,122,365,329
00e2d9121adc0c20_jpg.rf.6248f46ba792972c5b1d2136de7481c6.jpg,416,416,Ambulance,79,103,297,187
dc8954c5b6cf6c1d_jpg.rf.62c2ac7526fcc89f44cc4186a2743cf5.jpg,416,416,Car,180,312,295,371
b5e9086cb2179adc_jpg.rf.6300d2fe73d3a72400feabed2c8a111d.jpg,416,416,Truck,1,89,391,375
02d437a356a7c16e_jpg.rf.65de29bb11f431991b71999b0656a539.jpg,416,416,Car,194,204,379,395
02d437a356a7c16e_jpg.rf.65de29bb11f431991b71999b0656a539.jpg,416,416,Car,124,196,137,212
02d437a356a7c16e_jpg.rf.65de29bb11f431991b71999b0656a539.jpg,416,416,Car,158,193,184,238
02d437a356a7c16e_jpg.rf.65de29bb11f431991b71999b0656a539.jpg,416,416,Car,209,190,231,220
02d437a356a7c16e_jpg.rf.65de29bb11f431991b71999b0656a539.jpg,416,416,Car,260,202,326,242
d3825b2a6074c541_jpg.rf.61afdc920eabd18c690e59d693e5f973.jpg,416,416,Motorcycle,97,289,154,357
8d7a89e438cd9f89_jpg.rf.640623662552cbc40eff30be66754e55.jpg,416,416,Ambulance,153,118,348,318
179795f3d2775d7c_jpg.rf.6729d7379413858101724a41a36d0c59.jpg,416,416,Bus,33,103,187,300
b55c2626eb8387c4_jpg.rf.662342886cfd1084541b97e51be67b60.jpg,416,416,Car,2,312,48,406
5092b95a87fc6615_jpg.rf.6538078a32c0f703f5184b463a103cf7.jpg,416,416,Car,0,22,416,416
20db335ae6d55102_jpg.rf.6b176cd083568720bc90caf5c0e3b42a.jpg,416,416,Car,96,146,292,297
379423cf6bfdfa68_jpg.rf.643773edf4debc3f7d5727a626be8e4c.jpg,416,416,Bus,203,130,288,257
ce21b1595f7f0cfb_jpg.rf.6b3afc45800ce68797c59948a4dfa0fa.jpg,416,416,Car,41,193,275,373
5c965b7eec9de038_jpg.rf.631a9fd6669016f7c1648d6aacf26131.jpg,416,416,Bus,0,0,405,416
b2b2e93f1a010cc6_jpg.rf.693d21eaeea4c39ddcb7e5c105a2d9dc.jpg,416,416,Car,0,292,56,387
b2b2e93f1a010cc6_jpg.rf.693d21eaeea4c39ddcb7e5c105a2d9dc.jpg,416,416,Car,29,266,92,278
63ea081863347bfe_jpg.rf.6e67bd7075c8225ddde720fba40b87ce.jpg,416,416,Motorcycle,1,6,415,404
63ea081863347bfe_jpg.rf.6e67bd7075c8225ddde720fba40b87ce.jpg,416,416,Motorcycle,286,9,414,255
f5eafb239bfa8a30_jpg.rf.6faec64f816bc580d6bf89a82df5e393.jpg,416,416,Motorcycle,9,55,412,397
fd30ab5d0338b876_jpg.rf.656e65aa42734791e054b39ca4f77cce.jpg,416,416,Ambulance,29,62,363,366
08ebb1106c5f4799_jpg.rf.6cc0d132ca6d67e9791ef423fdc0accf.jpg,416,416,Ambulance,257,104,416,288
ee2cd94b9d7fdba0_jpg.rf.6cabc3995a7905e631632467786fb24d.jpg,416,416,Car,29,343,163,401
552a0d9a0fc92dac_jpg.rf.6ba81056b4bf629904e9c47c8d0711f8.jpg,416,416,Car,61,155,359,343
552a0d9a0fc92dac_jpg.rf.6ba81056b4bf629904e9c47c8d0711f8.jpg,416,416,Car,0,78,48,144
8bffd89b6cda54fe_jpg.rf.6ff30c89414391a50492f16dac4319c3.jpg,416,416,Car,123,230,411,389
8bffd89b6cda54fe_jpg.rf.6ff30c89414391a50492f16dac4319c3.jpg,416,416,Car,13,216,192,337
8bffd89b6cda54fe_jpg.rf.6ff30c89414391a50492f16dac4319c3.jpg,416,416,Car,199,181,206,185
7fe975e3425882fe_jpg.rf.6c78eac516a626a279a0f28ddefffe77.jpg,416,416,Bus,3,118,164,223
0ebb654be1697247_jpg.rf.726a0c4e7629a5bc31076d7b7a939919.jpg,416,416,Ambulance,100,121,293,265
6815d9cdea3f61d8_jpg.rf.6e852774970d3f548c825064e9bd197c.jpg,416,416,Car,0,61,69,126
6815d9cdea3f61d8_jpg.rf.6e852774970d3f548c825064e9bd197c.jpg,416,416,Car,0,58,187,261
6815d9cdea3f61d8_jpg.rf.6e852774970d3f548c825064e9bd197c.jpg,416,416,Car,49,51,343,377
ca00cc1e9f910cfa_jpg.rf.71376573d4859cc7e2516f2c3ecbee47.jpg,416,416,Car,37,58,397,390
ca00cc1e9f910cfa_jpg.rf.71376573d4859cc7e2516f2c3ecbee47.jpg,416,416,Car,242,20,332,76
ca00cc1e9f910cfa_jpg.rf.71376573d4859cc7e2516f2c3ecbee47.jpg,416,416,Car,329,38,369,83
ca00cc1e9f910cfa_jpg.rf.71376573d4859cc7e2516f2c3ecbee47.jpg,416,416,Car,361,35,415,202
1f73c7a77643e224_jpg.rf.62c61d8d5bf0d7ad9c4abe11abafbf09.jpg,416,416,Motorcycle,128,137,312,378
e0911bf7f6fa1c50_jpg.rf.72bd95758514aa2b1a19b695bcbb332a.jpg,416,416,Ambulance,62,235,271,387
b63484b53dfcb428_jpg.rf.74aacbbdd1bce084709fa8e49f386876.jpg,416,416,Motorcycle,209,28,368,315
beb71a1a1d74af2e_jpg.rf.72942efa466a200061db3a1d83628409.jpg,416,416,Car,37,172,347,368
013476982d77e380_jpg.rf.7af6150074c216d797b5686b5062e627.jpg,416,416,Car,367,210,415,256
013476982d77e380_jpg.rf.7af6150074c216d797b5686b5062e627.jpg,416,416,Car,338,221,372,237
54b9aac8bf5e1a20_jpg.rf.7d91a1d002ebfff864775ee818f600da.jpg,416,416,Motorcycle,163,223,392,411
0dddb5e2bc416a16_jpg.rf.7824ca630f439df61d4a5a7a41caa143.jpg,416,416,Ambulance,113,113,304,337
35d9087aa3e253ac_jpg.rf.751d551001c35fd4aa8ea11acd63dd41.jpg,416,416,Car,91,167,109,190
35d9087aa3e253ac_jpg.rf.751d551001c35fd4aa8ea11acd63dd41.jpg,416,416,Car,108,164,122,186
35d9087aa3e253ac_jpg.rf.751d551001c35fd4aa8ea11acd63dd41.jpg,416,416,Car,149,207,258,349
35d9087aa3e253ac_jpg.rf.751d551001c35fd4aa8ea11acd63dd41.jpg,416,416,Car,151,161,175,181
35d9087aa3e253ac_jpg.rf.751d551001c35fd4aa8ea11acd63dd41.jpg,416,416,Car,285,193,416,362
e887c2fbb6a47737_jpg.rf.73c0752485467fba21e17df0bfe0af6d.jpg,416,416,Bus,0,70,66,303
e887c2fbb6a47737_jpg.rf.73c0752485467fba21e17df0bfe0af6d.jpg,416,416,Bus,25,49,369,386
e887c2fbb6a47737_jpg.rf.73c0752485467fba21e17df0bfe0af6d.jpg,416,416,Bus,245,117,416,354
e4c25e53e7f2ee81_jpg.rf.7dca4bf0520fbe4f9be4735d8ee6fcee.jpg,416,416,Car,6,106,412,385
e4c25e53e7f2ee81_jpg.rf.7dca4bf0520fbe4f9be4735d8ee6fcee.jpg,416,416,Car,228,71,392,133
c9c5db9f86740e01_jpg.rf.779b7783d1b5b75d02b8706fb1896301.jpg,416,416,Car,0,0,184,201
c9c5db9f86740e01_jpg.rf.779b7783d1b5b75d02b8706fb1896301.jpg,416,416,Car,121,97,415,392
9854a4a7f8550050_jpg.rf.7eaeb9b19e419637930a1abf36f980f5.jpg,416,416,Bus,125,67,375,316
e9817cc6def5f246_jpg.rf.7c416ac85993392d82c156a952e8c7f6.jpg,416,416,Car,67,170,337,334
e9817cc6def5f246_jpg.rf.7c416ac85993392d82c156a952e8c7f6.jpg,416,416,Car,339,286,404,376
e9817cc6def5f246_jpg.rf.7c416ac85993392d82c156a952e8c7f6.jpg,416,416,Car,339,184,408,256
f71f6c1a323b6fa5_jpg.rf.817d2508dcc5eaaf0823b8ef2d49890e.jpg,416,416,Motorcycle,88,152,249,353
a951528227f53582_jpg.rf.72ac3ecb65d7f69d8b7ee4c8261d7f8c.jpg,416,416,Ambulance,25,59,344,395
954544f166417294_jpg.rf.70ec01c9264d60df1245b2ad670dd592.jpg,416,416,Car,42,286,246,375
39fac0e910b58065_jpg.rf.7a97bd9932f4357ddb94134223eb15df.jpg,416,416,Car,269,265,306,295
39fac0e910b58065_jpg.rf.7a97bd9932f4357ddb94134223eb15df.jpg,416,416,Car,292,265,337,296
e9318ed3c92c142b_jpg.rf.80cd6d5184c970bfca15fa4055d7b6a0.jpg,416,416,Car,18,147,61,298
e9318ed3c92c142b_jpg.rf.80cd6d5184c970bfca15fa4055d7b6a0.jpg,416,416,Car,35,50,416,416
ef09acf9d1b77550_jpg.rf.7e4e4c82b8ded02cd13d0f50ab93923a.jpg,416,416,Car,50,233,284,380
d19ab46e7433e5b6_jpg.rf.7bc2b5c20111a2d1fee3cd26a637edc4.jpg,416,416,Car,324,249,405,350
02178f3aa9e8b0d1_jpg.rf.80b35fb4b3eeb94908b19705bfbc9ce4.jpg,416,416,Motorcycle,23,75,408,366
d79e499c711c6b69_jpg.rf.81d0cbea0a6fc3053e107ab2682dc8c3.jpg,416,416,Car,129,195,223,263
d79e499c711c6b69_jpg.rf.81d0cbea0a6fc3053e107ab2682dc8c3.jpg,416,416,Car,26,257,131,327
d79e499c711c6b69_jpg.rf.81d0cbea0a6fc3053e107ab2682dc8c3.jpg,416,416,Car,185,225,287,318
d79e499c711c6b69_jpg.rf.81d0cbea0a6fc3053e107ab2682dc8c3.jpg,416,416,Car,206,118,253,152
d79e499c711c6b69_jpg.rf.81d0cbea0a6fc3053e107ab2682dc8c3.jpg,416,416,Car,229,168,304,219
d79e499c711c6b69_jpg.rf.81d0cbea0a6fc3053e107ab2682dc8c3.jpg,416,416,Car,301,158,337,184
d79e499c711c6b69_jpg.rf.81d0cbea0a6fc3053e107ab2682dc8c3.jpg,416,416,Car,326,178,348,203
26263aba764cf3ed_jpg.rf.7fcf7ee86d988a1a22034862a00ddcf6.jpg,416,416,Car,0,14,99,161
26263aba764cf3ed_jpg.rf.7fcf7ee86d988a1a22034862a00ddcf6.jpg,416,416,Car,41,3,103,79
26263aba764cf3ed_jpg.rf.7fcf7ee86d988a1a22034862a00ddcf6.jpg,416,416,Car,60,0,389,416
5be78746b65e3113_jpg.rf.82e6064719a9887337b750db6966eb4c.jpg,416,416,Ambulance,0,148,35,256
5be78746b65e3113_jpg.rf.82e6064719a9887337b750db6966eb4c.jpg,416,416,Ambulance,50,109,234,268
5be78746b65e3113_jpg.rf.82e6064719a9887337b750db6966eb4c.jpg,416,416,Ambulance,180,116,361,269
c7ba731691765c73_jpg.rf.82f72a805b183e3f442ca324c26e7e19.jpg,416,416,Bus,21,157,88,195
c7ba731691765c73_jpg.rf.82f72a805b183e3f442ca324c26e7e19.jpg,416,416,Bus,105,143,154,198
2e29dd7285110315_jpg.rf.7f03f0b384f39c71ee67b05700c128e5.jpg,416,416,Truck,19,81,394,348
2e29dd7285110315_jpg.rf.7f03f0b384f39c71ee67b05700c128e5.jpg,416,416,Truck,56,156,74,176
33982df55de352d9_jpg.rf.839d83647df86ce792bfdcdcf99b9937.jpg,416,416,Car,27,99,368,345
33982df55de352d9_jpg.rf.839d83647df86ce792bfdcdcf99b9937.jpg,416,416,Car,148,92,212,104
33982df55de352d9_jpg.rf.839d83647df86ce792bfdcdcf99b9937.jpg,416,416,Car,275,73,415,188
f46ff82400cf2c40_jpg.rf.746b2734b6f3f2991376028147e71962.jpg,416,416,Ambulance,44,104,379,365
c350281af5ea9607_jpg.rf.82bd101e23b6b62ee9bc92e94a5732c7.jpg,416,416,Bus,0,0,334,415
5d2ed108b18d3897_jpg.rf.83be03d9ea65e6e0aad7bcc5c272566b.jpg,416,416,Car,0,153,346,416
5d2ed108b18d3897_jpg.rf.83be03d9ea65e6e0aad7bcc5c272566b.jpg,416,416,Car,0,90,416,416
5d2ed108b18d3897_jpg.rf.83be03d9ea65e6e0aad7bcc5c272566b.jpg,416,416,Car,342,121,416,217
9eb47e708593623d_jpg.rf.86bc1ac33b78de33e812e74981c92d5d.jpg,416,416,Ambulance,58,103,259,374
469b1bb2ece31056_jpg.rf.85321ee90ebe7e160f2a5edd1a93d10c.jpg,416,416,Car,156,208,397,400
cf8379de677b7911_jpg.rf.8e2327ec9381a4111a334a35247f8f3e.jpg,416,416,Ambulance,109,51,388,352
3b10eae932548195_jpg.rf.8ca5dbdb7ffd982153518b16bf78f6ca.jpg,416,416,Bus,211,229,351,317
6530d0782d211876_jpg.rf.86664d09e28079050a14f945a8b2a569.jpg,416,416,Car,67,75,378,396
6530d0782d211876_jpg.rf.86664d09e28079050a14f945a8b2a569.jpg,416,416,Car,0,196,65,416
6530d0782d211876_jpg.rf.86664d09e28079050a14f945a8b2a569.jpg,416,416,Car,217,52,416,267
755429acdd214071_jpg.rf.8960431678909a9c411ef32cca4fb407.jpg,416,416,Car,4,296,13,305
755429acdd214071_jpg.rf.8960431678909a9c411ef32cca4fb407.jpg,416,416,Car,4,296,22,308
755429acdd214071_jpg.rf.8960431678909a9c411ef32cca4fb407.jpg,416,416,Car,17,291,27,300
755429acdd214071_jpg.rf.8960431678909a9c411ef32cca4fb407.jpg,416,416,Car,20,293,140,338
755429acdd214071_jpg.rf.8960431678909a9c411ef32cca4fb407.jpg,416,416,Car,392,282,400,294
755429acdd214071_jpg.rf.8960431678909a9c411ef32cca4fb407.jpg,416,416,Car,400,284,410,294
cc266fd9ac857379_jpg.rf.8b15595bfad4b4fabe944b15db49f36c.jpg,416,416,Car,137,331,416,415
aef70378eeebbb14_jpg.rf.87ac5cda138f3a9acd59d094cc8d25b2.jpg,416,416,Motorcycle,32,17,388,353
c68b78dcd33a89c0_jpg.rf.8e2e528908b5ed2b9a325cf7296fdcfd.jpg,416,416,Car,33,350,107,388
c68b78dcd33a89c0_jpg.rf.8e2e528908b5ed2b9a325cf7296fdcfd.jpg,416,416,Car,0,341,53,380
c68b78dcd33a89c0_jpg.rf.8e2e528908b5ed2b9a325cf7296fdcfd.jpg,416,416,Car,303,345,353,379
c68b78dcd33a89c0_jpg.rf.8e2e528908b5ed2b9a325cf7296fdcfd.jpg,416,416,Car,348,347,382,376
c68b78dcd33a89c0_jpg.rf.8e2e528908b5ed2b9a325cf7296fdcfd.jpg,416,416,Car,376,341,405,372
c645a919dfb54b94_jpg.rf.886b887cf882d5780bd405a7bdbc1a75.jpg,416,416,Car,68,90,316,335
d8457fa9476ca19f_jpg.rf.8740fdc61807c093d55aa30c1c8cf43f.jpg,416,416,Motorcycle,21,14,399,385
d8457fa9476ca19f_jpg.rf.8740fdc61807c093d55aa30c1c8cf43f.jpg,416,416,Motorcycle,177,13,409,185
d8457fa9476ca19f_jpg.rf.8740fdc61807c093d55aa30c1c8cf43f.jpg,416,416,Motorcycle,286,0,405,121
5e6f7b535e8045e0_jpg.rf.883833aa28fd4c34893d13bf6a2e1ad6.jpg,416,416,Car,31,21,394,401
747cd7852c715967_jpg.rf.8938de7d38032695256d6d71924f53a6.jpg,416,416,Truck,114,107,404,303
1fc8576317033787_jpg.rf.891d5dcf624c2eb217f559a0daa80494.jpg,416,416,Ambulance,0,242,73,335
1fc8576317033787_jpg.rf.891d5dcf624c2eb217f559a0daa80494.jpg,416,416,Ambulance,173,213,267,320
d5982e8c9f63acc8_jpg.rf.8c1f720b0fbbbe7feb6894e344bf0993.jpg,416,416,Car,160,138,253,241
3ba18e96c29ab06e_jpg.rf.8f7d2fc57d7ec105359d20fb5ff3b6fa.jpg,416,416,Motorcycle,6,0,356,415
3ba18e96c29ab06e_jpg.rf.8f7d2fc57d7ec105359d20fb5ff3b6fa.jpg,416,416,Motorcycle,272,2,416,129
19ed71affe514276_jpg.rf.8798c64c9872a02e22e834ab1a9fb95d.jpg,416,416,Truck,24,125,384,347
878749c0431be08b_jpg.rf.8fb0a48ff20afeadbaf2983c8cb43ac1.jpg,416,416,Motorcycle,52,83,367,317
d19f3557d1314817_jpg.rf.84c663321f2e2dae8df552f261b2069d.jpg,416,416,Car,13,7,369,239
9c5cf4fed30054f2_jpg.rf.8d59bf23b1838d6673d56f2993118edd.jpg,416,416,Truck,112,67,352,373
f2463ddabfffc04f_jpg.rf.8b4a7e5fdfae6a7e5fd21a281c7916bd.jpg,416,416,Car,13,161,403,378
f2463ddabfffc04f_jpg.rf.8b4a7e5fdfae6a7e5fd21a281c7916bd.jpg,416,416,Car,130,46,241,124
2d499dab8c71a566_jpg.rf.8f7409a479058fc3a963fb9b69b2f3a8.jpg,416,416,Car,59,71,360,350
93684b17bf1c1b0f_jpg.rf.8b2a7568de7e967378ce5a274cde0c89.jpg,416,416,Bus,33,93,382,313
00e0422e47cdbeb7_jpg.rf.85cc90637396f268569831c85ff8fdf8.jpg,416,416,Ambulance,70,75,340,361
0f26dd755f4b5ab6_jpg.rf.8a07b7c0688669b66d1d98d49d931908.jpg,416,416,Motorcycle,0,69,369,416
da3a592ffd3c4e23_jpg.rf.84c91c2da2c6e98a7d38ad9b2780b749.jpg,416,416,Car,0,117,175,253
ee31b3fa576d6ee9_jpg.rf.8cfaf3cf1577b0fa183b024f92eddf3a.jpg,416,416,Ambulance,0,144,71,415
d5a95b86f4ce76c1_jpg.rf.914198ae15840fe0142cb8249a159162.jpg,416,416,Ambulance,65,138,335,367
0a03d85b3dcb2a1b_jpg.rf.8fe905216278f4ba105b22f491130efc.jpg,416,416,Car,0,305,112,416
0a03d85b3dcb2a1b_jpg.rf.8fe905216278f4ba105b22f491130efc.jpg,416,416,Car,91,194,168,255
4039b64d9f2b5291_jpg.rf.98b554f3ce1cf2475f758d83c9fca90d.jpg,416,416,Car,67,81,416,303
bfa31c9efb82129a_jpg.rf.9333b40c61b6ea3c7c528f2813d0e67e.jpg,416,416,Motorcycle,350,150,416,323
bfa31c9efb82129a_jpg.rf.9333b40c61b6ea3c7c528f2813d0e67e.jpg,416,416,Motorcycle,0,158,92,353
bfa31c9efb82129a_jpg.rf.9333b40c61b6ea3c7c528f2813d0e67e.jpg,416,416,Motorcycle,226,169,339,416
bfa31c9efb82129a_jpg.rf.9333b40c61b6ea3c7c528f2813d0e67e.jpg,416,416,Motorcycle,301,207,357,316
676c200e4e2eb0d3_jpg.rf.92c6754391f897a0d6b74d44fe5cef4f.jpg,416,416,Motorcycle,4,47,409,369
676c200e4e2eb0d3_jpg.rf.92c6754391f897a0d6b74d44fe5cef4f.jpg,416,416,Motorcycle,320,7,416,167
7fc3bf7ec6900b1e_jpg.rf.9a88cbade81e9afae19697ded6f3b889.jpg,416,416,Bus,32,41,331,355
f1e36e4d71ff6b57_jpg.rf.95abae4b41b283c820cc2f040c435165.jpg,416,416,Car,15,35,397,414
f1e36e4d71ff6b57_jpg.rf.95abae4b41b283c820cc2f040c435165.jpg,416,416,Car,0,109,105,243
dc0dbdc656725dc2_jpg.rf.95e9b900e148d1f1a1b4bb975b962200.jpg,416,416,Car,69,200,272,320
00aaf0a0a9ee7e71_jpg.rf.96b257a155a74468e5ed2b9d07c8239e.jpg,416,416,Truck,18,0,373,395
90ddce2c65dec1cf_jpg.rf.97a0ac4dd578a28403dee4e09a73d982.jpg,416,416,Car,42,270,151,342
d8b725a5e406bf77_jpg.rf.92d7d777280fe8c295bd8c5e6d96be41.jpg,416,416,Bus,1,6,410,377
d77b53c86cdbdadf_jpg.rf.9290674ff1a375ac7b15c1742acc5bf3.jpg,416,416,Ambulance,82,158,324,314
d77b53c86cdbdadf_jpg.rf.9290674ff1a375ac7b15c1742acc5bf3.jpg,416,416,Ambulance,303,198,413,277
a17495d2be501298_jpg.rf.9a17a17188b1e8286f4a30164a6d3906.jpg,416,416,Car,0,263,17,290
a17495d2be501298_jpg.rf.9a17a17188b1e8286f4a30164a6d3906.jpg,416,416,Car,15,263,35,281
a17495d2be501298_jpg.rf.9a17a17188b1e8286f4a30164a6d3906.jpg,416,416,Car,33,257,60,287
a17495d2be501298_jpg.rf.9a17a17188b1e8286f4a30164a6d3906.jpg,416,416,Car,357,270,415,339
3a7cb48aac371b62_jpg.rf.93f0cae58a909805a5c0d42819aba43e.jpg,416,416,Bus,34,123,217,318
3a7cb48aac371b62_jpg.rf.93f0cae58a909805a5c0d42819aba43e.jpg,416,416,Bus,206,111,403,315
d0fa518d2d1f9de2_jpg.rf.9a37e6e3ce34044c6640fb57cc6c4dce.jpg,416,416,Ambulance,0,151,82,245
d0fa518d2d1f9de2_jpg.rf.9a37e6e3ce34044c6640fb57cc6c4dce.jpg,416,416,Ambulance,4,29,338,410
bb77a64dbce401ed_jpg.rf.96630fea2f2b0129d7a2913e313347fc.jpg,416,416,Car,25,111,381,359
bb77a64dbce401ed_jpg.rf.96630fea2f2b0129d7a2913e313347fc.jpg,416,416,Car,373,98,415,200
363720f781ca3c15_jpg.rf.980e92957c506877e2cb8de5f0a7af55.jpg,416,416,Motorcycle,369,322,400,382
363720f781ca3c15_jpg.rf.980e92957c506877e2cb8de5f0a7af55.jpg,416,416,Motorcycle,276,316,338,410
b813acfbebfda35b_jpg.rf.9584a274d3c2ab65b33e7432972e284c.jpg,416,416,Car,0,72,35,202
b813acfbebfda35b_jpg.rf.9584a274d3c2ab65b33e7432972e284c.jpg,416,416,Car,17,75,72,148
b813acfbebfda35b_jpg.rf.9584a274d3c2ab65b33e7432972e284c.jpg,416,416,Car,371,105,413,250
b813acfbebfda35b_jpg.rf.9584a274d3c2ab65b33e7432972e284c.jpg,416,416,Car,400,90,414,122
5361b369f7a7d183_jpg.rf.920bec75fda5fe50907a0808d0496019.jpg,416,416,Car,0,100,16,174
5361b369f7a7d183_jpg.rf.920bec75fda5fe50907a0808d0496019.jpg,416,416,Car,0,82,34,108
5361b369f7a7d183_jpg.rf.920bec75fda5fe50907a0808d0496019.jpg,416,416,Car,21,93,379,349
5361b369f7a7d183_jpg.rf.920bec75fda5fe50907a0808d0496019.jpg,416,416,Car,84,58,120,106
5361b369f7a7d183_jpg.rf.920bec75fda5fe50907a0808d0496019.jpg,416,416,Car,116,9,408,206
5361b369f7a7d183_jpg.rf.920bec75fda5fe50907a0808d0496019.jpg,416,416,Car,331,60,415,162
648ec06369820594_jpg.rf.94cf4c7b32bbad96b64d312e508a2f11.jpg,416,416,Car,2,158,61,375
db8edd501003ee7d_jpg.rf.91af2719a820c14c3e7274f47c4e5cb3.jpg,416,416,Car,23,34,392,416
ddd9751b7335badf_jpg.rf.9b04f6e06575ec8539d9e23ebc266a82.jpg,416,416,Car,27,132,388,374
7845ed5a26cb9fd4_jpg.rf.932aee893e8e23433ae3f1c0f9ae6a03.jpg,416,416,Car,0,143,18,183
7845ed5a26cb9fd4_jpg.rf.932aee893e8e23433ae3f1c0f9ae6a03.jpg,416,416,Car,41,146,321,365
7845ed5a26cb9fd4_jpg.rf.932aee893e8e23433ae3f1c0f9ae6a03.jpg,416,416,Car,147,137,156,144
7845ed5a26cb9fd4_jpg.rf.932aee893e8e23433ae3f1c0f9ae6a03.jpg,416,416,Car,158,136,168,145
7845ed5a26cb9fd4_jpg.rf.932aee893e8e23433ae3f1c0f9ae6a03.jpg,416,416,Car,189,163,381,269
7845ed5a26cb9fd4_jpg.rf.932aee893e8e23433ae3f1c0f9ae6a03.jpg,416,416,Car,212,143,366,213
7845ed5a26cb9fd4_jpg.rf.932aee893e8e23433ae3f1c0f9ae6a03.jpg,416,416,Car,252,139,342,179
7845ed5a26cb9fd4_jpg.rf.932aee893e8e23433ae3f1c0f9ae6a03.jpg,416,416,Car,313,143,332,155
26513c95488eebdd_jpg.rf.9ae24fea70253c5b765aaae9f0855f57.jpg,416,416,Truck,26,42,324,356
0ff18bf912a38470_jpg.rf.9d68b50a42f60694814add78c7599bf9.jpg,416,416,Motorcycle,33,10,384,348
0ff18bf912a38470_jpg.rf.9d68b50a42f60694814add78c7599bf9.jpg,416,416,Motorcycle,161,0,416,240
0ff18bf912a38470_jpg.rf.9d68b50a42f60694814add78c7599bf9.jpg,416,416,Motorcycle,348,0,416,134
b26314890a9cc3a8_jpg.rf.9e590820b7fc070a05ae4e82508e9ddd.jpg,416,416,Car,136,102,193,150
b26314890a9cc3a8_jpg.rf.9e590820b7fc070a05ae4e82508e9ddd.jpg,416,416,Car,140,119,180,251
b26314890a9cc3a8_jpg.rf.9e590820b7fc070a05ae4e82508e9ddd.jpg,416,416,Car,217,117,268,185
b26314890a9cc3a8_jpg.rf.9e590820b7fc070a05ae4e82508e9ddd.jpg,416,416,Car,316,104,350,164
b26314890a9cc3a8_jpg.rf.9e590820b7fc070a05ae4e82508e9ddd.jpg,416,416,Car,350,95,394,151
b26314890a9cc3a8_jpg.rf.9e590820b7fc070a05ae4e82508e9ddd.jpg,416,416,Car,356,119,415,210
b26314890a9cc3a8_jpg.rf.9e590820b7fc070a05ae4e82508e9ddd.jpg,416,416,Car,370,132,416,288
b26314890a9cc3a8_jpg.rf.9e590820b7fc070a05ae4e82508e9ddd.jpg,416,416,Car,401,108,416,127
b26314890a9cc3a8_jpg.rf.9e590820b7fc070a05ae4e82508e9ddd.jpg,416,416,Car,405,100,416,119
1987e409c66239ab_jpg.rf.9f77f5f23a0b3adb8ac47faea3f9f76d.jpg,416,416,Car,0,34,89,152
1987e409c66239ab_jpg.rf.9f77f5f23a0b3adb8ac47faea3f9f76d.jpg,416,416,Car,20,58,401,314
3c60f9c54565c925_jpg.rf.9ba47ea0cdc86c8c052d9f8514f5e04f.jpg,416,416,Car,184,162,367,260
da20e0a516903791_jpg.rf.9c7ea10270703d16ce24e8221010cf3e.jpg,416,416,Car,0,25,241,151
da20e0a516903791_jpg.rf.9c7ea10270703d16ce24e8221010cf3e.jpg,416,416,Car,7,28,158,158
48763535bbf4e21f_jpg.rf.9f697f24ee56c2389d1cdc512b23074e.jpg,416,416,Bus,0,0,416,416
4e1842c6c439df43_jpg.rf.9b391374462d8e8cd3894ea8d2ea69f9.jpg,416,416,Ambulance,0,45,411,377
3b53976a94e33073_jpg.rf.9f0d1a803b654dfd921591010947237e.jpg,416,416,Truck,77,27,332,396
3b53976a94e33073_jpg.rf.9f0d1a803b654dfd921591010947237e.jpg,416,416,Truck,0,184,90,268
8ac16d8c5aed72c7_jpg.rf.90e1442c121ceb4121a39e8c87ebeb74.jpg,416,416,Car,18,81,404,367
8ac16d8c5aed72c7_jpg.rf.90e1442c121ceb4121a39e8c87ebeb74.jpg,416,416,Car,315,83,411,127
6b08b17e4bd591d8_jpg.rf.9cd858ff03845573bd6a236470a4ad9b.jpg,416,416,Car,0,216,146,341
a6bae981a16ab9a6_jpg.rf.a34b79f5246ee7e36839a7a40e40beb0.jpg,416,416,Car,39,117,397,363
0ba56949c8eb973e_jpg.rf.a7c8bdf9adaa3d8ff838562bf0fd6a0d.jpg,416,416,Motorcycle,106,68,337,251
73eecdcf3e8b2d0a_jpg.rf.a89bdfef5b7b4a11a90aca0161da78ce.jpg,416,416,Ambulance,91,75,296,392
846d94cce4386166_jpg.rf.a97fa7b2e90e04710dcf90005eccdd16.jpg,416,416,Car,184,9,406,394
5d06268dea00edf0_jpg.rf.a1b9a7089850198bfb12c6d8652dc5d9.jpg,416,416,Car,36,174,371,326
005980b3a5f93085_jpg.rf.a98c10f091ce878833fc536014d57116.jpg,416,416,Car,37,58,381,368
6f2cc554e1c2a402_jpg.rf.a8fd7acf1fb8bd2a49f430f9cf8ea369.jpg,416,416,Car,81,236,114,253
6f2cc554e1c2a402_jpg.rf.a8fd7acf1fb8bd2a49f430f9cf8ea369.jpg,416,416,Car,117,237,154,259
6f2cc554e1c2a402_jpg.rf.a8fd7acf1fb8bd2a49f430f9cf8ea369.jpg,416,416,Car,157,236,184,257
6f2cc554e1c2a402_jpg.rf.a8fd7acf1fb8bd2a49f430f9cf8ea369.jpg,416,416,Car,193,239,225,263
6f2cc554e1c2a402_jpg.rf.a8fd7acf1fb8bd2a49f430f9cf8ea369.jpg,416,416,Car,243,243,275,266
6f2cc554e1c2a402_jpg.rf.a8fd7acf1fb8bd2a49f430f9cf8ea369.jpg,416,416,Car,373,251,415,271
d67db4e0e81979e4_jpg.rf.a3f33381320889bd363f0402bc534e9b.jpg,416,416,Car,24,282,81,333
d67db4e0e81979e4_jpg.rf.a3f33381320889bd363f0402bc534e9b.jpg,416,416,Car,112,279,164,334
5cba43398b2ecbb0_jpg.rf.a3607529dac304417df8af9fd188169f.jpg,416,416,Car,17,142,387,281
5cba43398b2ecbb0_jpg.rf.a3607529dac304417df8af9fd188169f.jpg,416,416,Car,32,36,191,107
5cba43398b2ecbb0_jpg.rf.a3607529dac304417df8af9fd188169f.jpg,416,416,Car,150,53,372,143
50254d0ed7df5e01_jpg.rf.a4d34d8011bba8005e1e592940bddd99.jpg,416,416,Car,60,119,402,300
6137a6a4591d9977_jpg.rf.a327f384e4735c2b4c463c1eb5d1a2d5.jpg,416,416,Motorcycle,0,74,409,416
6137a6a4591d9977_jpg.rf.a327f384e4735c2b4c463c1eb5d1a2d5.jpg,416,416,Motorcycle,219,125,415,300
6b0ff20bea33a627_jpg.rf.a94a2bed4163b02f7bfe78929dfa34a3.jpg,416,416,Motorcycle,61,7,387,403
8805768cafea8902_jpg.rf.a33e98ac093750cb334ba2727046e477.jpg,416,416,Car,13,60,132,343
8805768cafea8902_jpg.rf.a33e98ac093750cb334ba2727046e477.jpg,416,416,Car,16,59,114,293
8805768cafea8902_jpg.rf.a33e98ac093750cb334ba2727046e477.jpg,416,416,Car,37,48,371,407
8805768cafea8902_jpg.rf.a33e98ac093750cb334ba2727046e477.jpg,416,416,Car,321,83,415,216
ebdb1c5cf58b8a86_jpg.rf.aab258e8c1945eb10d99f1c1c0cb3e29.jpg,416,416,Ambulance,119,17,416,412
3612859ad8f4b8ac_jpg.rf.a987fd4f0cdedb99813b437392d11b66.jpg,416,416,Motorcycle,225,113,360,228
4b223d28e75b30c4_jpg.rf.aa7065197c646cbb6f0f8c97807b21e0.jpg,416,416,Bus,16,17,389,393
062e230c4506d21d_jpg.rf.a5465ca242a6fed8e2bdc9c4609ae62d.jpg,416,416,Car,33,320,113,368
062e230c4506d21d_jpg.rf.a5465ca242a6fed8e2bdc9c4609ae62d.jpg,416,416,Car,182,300,205,322
9ead2683d36b6457_jpg.rf.aa1833102dfc2efff4aadf4c67acc82e.jpg,416,416,Truck,41,82,339,355
1dbc8d811c800ef7_jpg.rf.a8d6fb8150c41023d1b8d3c4c88ec754.jpg,416,416,Ambulance,21,20,398,356
da386cf96761ef58_jpg.rf.a22f74232fbf4152656e4c21a5a806a4.jpg,416,416,Ambulance,66,129,383,314
7bb1cf09506080dd_jpg.rf.a9ad6b8c8f29986f65d6373f9adbc3f6.jpg,416,416,Ambulance,0,10,387,416
b6bab9d58f2b26b8_jpg.rf.ad31350deca26198aef4c2376ca84049.jpg,416,416,Bus,81,108,205,268
3306489836719c96_jpg.rf.ac5083aa97aec2ccbd46debe712d0d6e.jpg,416,416,Car,190,276,222,300
3306489836719c96_jpg.rf.ac5083aa97aec2ccbd46debe712d0d6e.jpg,416,416,Car,228,284,243,298
3306489836719c96_jpg.rf.ac5083aa97aec2ccbd46debe712d0d6e.jpg,416,416,Car,248,284,263,296
3306489836719c96_jpg.rf.ac5083aa97aec2ccbd46debe712d0d6e.jpg,416,416,Car,272,278,296,298
1ce4f78534c54bc2_jpg.rf.ad120137a95bb40ab8767983263a7914.jpg,416,416,Bus,1,109,415,361
ed24483d1c6d977f_jpg.rf.9fa6b56902ebbb932b35e65aea1f20e8.jpg,416,416,Car,317,303,387,336
ed24483d1c6d977f_jpg.rf.9fa6b56902ebbb932b35e65aea1f20e8.jpg,416,416,Car,370,296,416,340
6a04d25b58fe0a27_jpg.rf.ab90130b95c1166ba8b26bad511992bf.jpg,416,416,Car,30,135,397,372
067e7d6c015a431d_jpg.rf.b02b5d1ee50863ac3ab92fa97edc9be9.jpg,416,416,Motorcycle,26,16,387,367
d82e0b91d310037c_jpg.rf.af6ab5c18705e36fc4de3f9f186298a4.jpg,416,416,Truck,147,167,382,355
39fd1bb4a899e0e3_jpg.rf.affa8604e46a10af6c2649a05ead0e09.jpg,416,416,Motorcycle,251,289,320,351
86300d7134e22a54_jpg.rf.b1ab74785ab597f2c5ab6aa7e3ae0fb2.jpg,416,416,Truck,25,102,257,200
9c8ca199afe3eab2_jpg.rf.b8ad4af3c4bac001d54e9aa52373776b.jpg,416,416,Motorcycle,225,149,353,399
9c8ca199afe3eab2_jpg.rf.b8ad4af3c4bac001d54e9aa52373776b.jpg,416,416,Motorcycle,70,117,239,395
10e8132f183fcc3e_jpg.rf.b70cb5424f9b067b864cbe02fc25f0ad.jpg,416,416,Car,271,79,416,224
10e8132f183fcc3e_jpg.rf.b70cb5424f9b067b864cbe02fc25f0ad.jpg,416,416,Car,281,102,327,134
e6d5f562f82c5344_jpg.rf.b4485480060cc16b992bbf5b72c32326.jpg,416,416,Car,4,99,412,217
8ee800b43a4797d5_jpg.rf.b954d5ee13d24be8f00e5a74770f3ab6.jpg,416,416,Motorcycle,179,182,295,353
07dfa70d0dfdf4e8_jpg.rf.b7d9815c1e9c4f058f94178369da660d.jpg,416,416,Ambulance,15,164,61,237
07dfa70d0dfdf4e8_jpg.rf.b7d9815c1e9c4f058f94178369da660d.jpg,416,416,Ambulance,40,162,96,250
07dfa70d0dfdf4e8_jpg.rf.b7d9815c1e9c4f058f94178369da660d.jpg,416,416,Ambulance,77,162,136,263
07dfa70d0dfdf4e8_jpg.rf.b7d9815c1e9c4f058f94178369da660d.jpg,416,416,Ambulance,112,159,204,283
07dfa70d0dfdf4e8_jpg.rf.b7d9815c1e9c4f058f94178369da660d.jpg,416,416,Ambulance,184,162,274,322
fc89e4a4c0ba33f1_jpg.rf.adb14732ae4e1929ce03e4477f24d008.jpg,416,416,Truck,285,231,364,302
a15cccae5ae7bcb5_jpg.rf.b1158eb163582d5953d30b4a62a01bbb.jpg,416,416,Truck,2,178,244,389
0ca61e55ccf257ba_jpg.rf.ae252663ccfd4614dfded5e56b60b143.jpg,416,416,Truck,288,344,378,402
1e668423ae32ce6f_jpg.rf.b5419ca17ca46c8109c239881f34d0d7.jpg,416,416,Car,0,54,80,222
1e668423ae32ce6f_jpg.rf.b5419ca17ca46c8109c239881f34d0d7.jpg,416,416,Car,0,0,121,76
1e668423ae32ce6f_jpg.rf.b5419ca17ca46c8109c239881f34d0d7.jpg,416,416,Car,35,60,407,367
ff5b0ccc9d80b4ca_jpg.rf.b9efb1a35bada19c2731802943848acb.jpg,416,416,Car,8,31,189,256
ff5b0ccc9d80b4ca_jpg.rf.b9efb1a35bada19c2731802943848acb.jpg,416,416,Car,273,43,415,234
32d513726785e781_jpg.rf.ad1b1c6af17f04095b759dbf03cced66.jpg,416,416,Ambulance,30,28,359,413
32d513726785e781_jpg.rf.ad1b1c6af17f04095b759dbf03cced66.jpg,416,416,Ambulance,343,0,416,415
34dfa486fec6e0bc_jpg.rf.b7f9c11d82a086260132d87b64122127.jpg,416,416,Motorcycle,1,0,346,415
6ff911eff6b2b445_jpg.rf.b476c32c32772b938db8ad29adc3e99a.jpg,416,416,Bus,0,11,414,414
fb078205fc459cf0_jpg.rf.bb24c284c59e167877a362aa4919345e.jpg,416,416,Car,0,44,19,125
fb078205fc459cf0_jpg.rf.bb24c284c59e167877a362aa4919345e.jpg,416,416,Car,0,0,416,416
fb078205fc459cf0_jpg.rf.bb24c284c59e167877a362aa4919345e.jpg,416,416,Car,6,0,129,105
fb078205fc459cf0_jpg.rf.bb24c284c59e167877a362aa4919345e.jpg,416,416,Car,143,15,202,68
fb078205fc459cf0_jpg.rf.bb24c284c59e167877a362aa4919345e.jpg,416,416,Car,200,30,215,52
fb078205fc459cf0_jpg.rf.bb24c284c59e167877a362aa4919345e.jpg,416,416,Car,216,32,229,46
fb078205fc459cf0_jpg.rf.bb24c284c59e167877a362aa4919345e.jpg,416,416,Car,226,0,415,104
2430d5e7d680b683_jpg.rf.b6dafd3b8519343d825793f2abc1a87c.jpg,416,416,Car,89,159,372,351
b61201eee8903342_jpg.rf.ae4654b312991e0fd7d24d390a839522.jpg,416,416,Bus,216,44,407,378
b61201eee8903342_jpg.rf.ae4654b312991e0fd7d24d390a839522.jpg,416,416,Bus,44,48,235,356
c7628592a03f9ff4_jpg.rf.bc0b46e3308869847768d4a805881f06.jpg,416,416,Motorcycle,40,56,381,344
82d83aabe4bbc7f5_jpg.rf.b5128b9669dd15f0b1c0c3340de79de6.jpg,416,416,Car,97,140,403,399
d6cb030b80f36d93_jpg.rf.bb2e9decd8985dff2abc958a3ad95845.jpg,416,416,Bus,168,132,302,249
c27036c5b7baaa04_jpg.rf.b3a1c7947933b9f270feb39aff09e263.jpg,416,416,Bus,0,41,238,358
c27036c5b7baaa04_jpg.rf.b3a1c7947933b9f270feb39aff09e263.jpg,416,416,Bus,81,16,416,411
0df5a680a412fa0b_jpg.rf.bad662b8e892aac157ce2c4a1b58a19a.jpg,416,416,Truck,22,32,388,405
8d96556cdec8743f_jpg.rf.bc480d4ca0e7ec8bdb20f41ab0d67bf9.jpg,416,416,Car,0,32,406,408
20514cfccbb4a2ab_jpg.rf.bff4eea6d8e90283a425730338a57715.jpg,416,416,Bus,89,27,407,380
2bc6989e7421dc9d_jpg.rf.bc66cd9ce256d34cc2954aefbb62874a.jpg,416,416,Car,52,30,413,330
3848f783b1a99a6e_jpg.rf.baf037189732826988ae0128c38d8e3e.jpg,416,416,Ambulance,46,89,378,332
2c22bcb9295eacdf_jpg.rf.be231f99681915da668add36271677c4.jpg,416,416,Truck,0,58,66,109
2c22bcb9295eacdf_jpg.rf.be231f99681915da668add36271677c4.jpg,416,416,Truck,0,59,131,186
2c22bcb9295eacdf_jpg.rf.be231f99681915da668add36271677c4.jpg,416,416,Truck,3,47,299,213
2c22bcb9295eacdf_jpg.rf.be231f99681915da668add36271677c4.jpg,416,416,Truck,71,14,416,321
2c22bcb9295eacdf_jpg.rf.be231f99681915da668add36271677c4.jpg,416,416,Truck,296,141,416,387
1d26ac4c9e98acc1_jpg.rf.bcf64489b9c386403400f43c52c6e0bc.jpg,416,416,Motorcycle,48,111,359,384
2fbf5f7443d53898_jpg.rf.c03e038c30e8c8cdc941732ec47754dc.jpg,416,416,Car,80,194,332,339
2fbf5f7443d53898_jpg.rf.c03e038c30e8c8cdc941732ec47754dc.jpg,416,416,Car,208,197,403,318
2fbf5f7443d53898_jpg.rf.c03e038c30e8c8cdc941732ec47754dc.jpg,416,416,Car,285,210,416,306
2fbf5f7443d53898_jpg.rf.c03e038c30e8c8cdc941732ec47754dc.jpg,416,416,Car,386,220,416,243
b9e2a70f60d7473b_jpg.rf.b999b60af4544c1e7d7c7a0c3c00e093.jpg,416,416,Car,297,347,378,404
e3b441115c18fca3_jpg.rf.c4c06554b4a6d94744ae7852da6051b1.jpg,416,416,Truck,163,42,311,135
366078debdbff8c9_jpg.rf.c83a2fac16d5fed9e72e3869a75427b5.jpg,416,416,Truck,105,240,186,358
366078debdbff8c9_jpg.rf.c83a2fac16d5fed9e72e3869a75427b5.jpg,416,416,Truck,258,237,376,364
7647fd79a316276d_jpg.rf.c405388670b50544ba962c71f4a9a194.jpg,416,416,Truck,46,25,399,321
b856e2f0ec2e5fcc_jpg.rf.c414b375db2bad1afde1d6b475271862.jpg,416,416,Bus,75,105,318,360
b856e2f0ec2e5fcc_jpg.rf.c414b375db2bad1afde1d6b475271862.jpg,416,416,Bus,319,4,415,304
6deb06ad4f5642aa_jpg.rf.c8b5c91824f50788c341eae588839618.jpg,416,416,Bus,63,74,361,300
f1200c263667e455_jpg.rf.c23e0a5c3d702564329ffdf1288bf84a.jpg,416,416,Truck,40,79,405,380
f1200c263667e455_jpg.rf.c23e0a5c3d702564329ffdf1288bf84a.jpg,416,416,Truck,4,158,94,327
d9bb7fca2b0f4d5e_jpg.rf.c96ac7aff694e9af71ad848ad01659d5.jpg,416,416,Car,73,148,351,271
b8a245cb4571e8fb_jpg.rf.c5b4f8dacda5aa416736efda3cc28fdd.jpg,416,416,Motorcycle,40,121,188,408
b8a245cb4571e8fb_jpg.rf.c5b4f8dacda5aa416736efda3cc28fdd.jpg,416,416,Motorcycle,169,21,322,407
045f8f2e4c2e3077_jpg.rf.c63e52c1f770ac0511831bb04b4528f7.jpg,416,416,Truck,23,104,396,401
7693ecc1e8107ba8_jpg.rf.bca6689ef7c567beba4881a4cf8ea1f4.jpg,416,416,Ambulance,167,90,336,230
7eecf7ff2aaa158b_jpg.rf.ccb8b67346f48a04374e91ed0b21108e.jpg,416,416,Truck,37,22,406,409
0a56ee41a72480bc_jpg.rf.c4ea89a37291ff9b3cc09ef0f90c3587.jpg,416,416,Truck,0,214,416,416
8d9eabbbc5f0ef15_jpg.rf.cb3dfadaca13f76ce0f66dff467f96de.jpg,416,416,Car,0,8,146,99
8d9eabbbc5f0ef15_jpg.rf.cb3dfadaca13f76ce0f66dff467f96de.jpg,416,416,Car,4,0,48,31
8d9eabbbc5f0ef15_jpg.rf.cb3dfadaca13f76ce0f66dff467f96de.jpg,416,416,Car,16,59,414,348
8d9eabbbc5f0ef15_jpg.rf.cb3dfadaca13f76ce0f66dff467f96de.jpg,416,416,Car,108,4,132,38
8d9eabbbc5f0ef15_jpg.rf.cb3dfadaca13f76ce0f66dff467f96de.jpg,416,416,Car,285,22,378,87
8d9eabbbc5f0ef15_jpg.rf.cb3dfadaca13f76ce0f66dff467f96de.jpg,416,416,Car,304,55,415,199
8d9eabbbc5f0ef15_jpg.rf.cb3dfadaca13f76ce0f66dff467f96de.jpg,416,416,Car,334,25,416,74
1f0ce568a7da5d78_jpg.rf.d0161eeefaf7729a5a718e59a86c29da.jpg,416,416,Car,251,101,397,171
a6584f0e0dcbf71c_jpg.rf.cc904b5b4349e8e850f1bf4d90e71e1d.jpg,416,416,Car,64,288,89,307
b1e5a16e9c943534_jpg.rf.cc15e371b0d861077267a053bce3b470.jpg,416,416,Car,23,46,398,344
a3459377124924f2_jpg.rf.c4ae8360ab4f22df0409f3d29affe537.jpg,416,416,Car,0,61,244,405
a3459377124924f2_jpg.rf.c4ae8360ab4f22df0409f3d29affe537.jpg,416,416,Car,226,130,336,208
a3459377124924f2_jpg.rf.c4ae8360ab4f22df0409f3d29affe537.jpg,416,416,Car,344,117,416,379
a3459377124924f2_jpg.rf.c4ae8360ab4f22df0409f3d29affe537.jpg,416,416,Car,358,111,410,205
210112c7c8085350_jpg.rf.be6e0694bc002b555eea4c3e21836af0.jpg,416,416,Truck,39,43,378,380
8ba28eeec6f1a78c_jpg.rf.c9140bb95d2bdf600513f59967bcebf1.jpg,416,416,Car,6,270,66,307
8ba28eeec6f1a78c_jpg.rf.c9140bb95d2bdf600513f59967bcebf1.jpg,416,416,Car,54,271,137,321
8ba28eeec6f1a78c_jpg.rf.c9140bb95d2bdf600513f59967bcebf1.jpg,416,416,Car,54,267,83,284
8ba28eeec6f1a78c_jpg.rf.c9140bb95d2bdf600513f59967bcebf1.jpg,416,416,Car,291,264,357,312
8ba28eeec6f1a78c_jpg.rf.c9140bb95d2bdf600513f59967bcebf1.jpg,416,416,Car,349,244,416,317
d7b4f384da274b4a_jpg.rf.d3d53a31cfdf59f6018ab41306020774.jpg,416,416,Car,248,33,413,236
d7b4f384da274b4a_jpg.rf.d3d53a31cfdf59f6018ab41306020774.jpg,416,416,Car,25,87,121,141
d7b4f384da274b4a_jpg.rf.d3d53a31cfdf59f6018ab41306020774.jpg,416,416,Car,27,119,82,193
33758dc39a63f28f_jpg.rf.c86690b67db912fa9b557a42e7dc1cae.jpg,416,416,Car,51,185,116,232
33758dc39a63f28f_jpg.rf.c86690b67db912fa9b557a42e7dc1cae.jpg,416,416,Car,328,207,369,228
33758dc39a63f28f_jpg.rf.c86690b67db912fa9b557a42e7dc1cae.jpg,416,416,Car,366,209,382,226
33758dc39a63f28f_jpg.rf.c86690b67db912fa9b557a42e7dc1cae.jpg,416,416,Car,399,215,415,227
33758dc39a63f28f_jpg.rf.c86690b67db912fa9b557a42e7dc1cae.jpg,416,416,Car,411,229,416,252
09fd3f0199f2be7e_jpg.rf.cd0eab944d36824ee0be33060d60e344.jpg,416,416,Motorcycle,303,254,355,400
5b0f57b9bad38bc2_jpg.rf.c2fc9a26c61e88e6ebbc24e8001cbda4.jpg,416,416,Ambulance,41,44,358,390
547919acfed4d238_jpg.rf.cc3b35246f7d876d67a1f54ebc2e1244.jpg,416,416,Ambulance,50,94,311,345
011a8a0a921c2376_jpg.rf.d19f8290a552aa797772cfbbb994afb2.jpg,416,416,Truck,0,0,398,415
10824aeb7449a206_jpg.rf.cc4df759667b5fd76fc2837a9e1b3235.jpg,416,416,Car,235,221,299,303
b31f29967475ce05_jpg.rf.d1eabef177d47977cdf9620441594481.jpg,416,416,Motorcycle,0,89,77,291
b31f29967475ce05_jpg.rf.d1eabef177d47977cdf9620441594481.jpg,416,416,Motorcycle,0,50,371,416
0777838554ecb1eb_jpg.rf.d3d89250ad07626a6c887c5c0ff5cab8.jpg,416,416,Car,244,81,322,124
0777838554ecb1eb_jpg.rf.d3d89250ad07626a6c887c5c0ff5cab8.jpg,416,416,Car,0,90,97,190
0777838554ecb1eb_jpg.rf.d3d89250ad07626a6c887c5c0ff5cab8.jpg,416,416,Car,3,73,65,94
0777838554ecb1eb_jpg.rf.d3d89250ad07626a6c887c5c0ff5cab8.jpg,416,416,Car,47,84,115,112
0777838554ecb1eb_jpg.rf.d3d89250ad07626a6c887c5c0ff5cab8.jpg,416,416,Car,362,92,415,132
962a308b6a4b2fbc_jpg.rf.d46abc828a8804e589666b61bf36a735.jpg,416,416,Car,9,128,393,375
962a308b6a4b2fbc_jpg.rf.d46abc828a8804e589666b61bf36a735.jpg,416,416,Car,330,152,416,336
d900408a3652fdce_jpg.rf.d4b4e3fc100d27224009c65e6af14e7a.jpg,416,416,Bus,6,20,240,328
944965d358ae7d52_jpg.rf.dc6d717ba131e34ba2257a1114a669d5.jpg,416,416,Truck,26,15,369,391
43f9dfb36618117e_jpg.rf.d4156af0aef310d2a50c4287f4e86c97.jpg,416,416,Car,223,41,361,378
df7ae805d8d405f6_jpg.rf.de4633dbe0baadb42af1926abe22c4b3.jpg,416,416,Car,0,238,69,366
1fd80240046ef704_jpg.rf.d642375f228c5d3bd7159fd3f7af3209.jpg,416,416,Bus,350,328,416,416
ea87ffff22c14e7a_jpg.rf.d9311c162c69a0fdd2a8ed413eaca0f4.jpg,416,416,Truck,0,51,100,182
ea87ffff22c14e7a_jpg.rf.d9311c162c69a0fdd2a8ed413eaca0f4.jpg,416,416,Truck,235,58,270,86
3a0139f984e673b9_jpg.rf.d41d1794f534866b8377cd081b8bf8f5.jpg,416,416,Ambulance,20,113,355,382
cc9784b20f5059c6_jpg.rf.d9b1ea081a2f36bd6fa871854b8c5367.jpg,416,416,Car,0,62,416,292
646a24cf7ab571e1_jpg.rf.e0ed764616b9405c2d7844521b7b566c.jpg,416,416,Truck,215,142,390,375
2d94e4aa09c1c7de_jpg.rf.da82126be0fc0479337bc2eeefdf0b82.jpg,416,416,Motorcycle,91,272,139,369
49304cbc80ffb423_jpg.rf.da5ee71f3a0d70bf34c9c41c702d8785.jpg,416,416,Truck,12,3,385,370
0dc6d85a2ba0a534_jpg.rf.dd39dc668f5534cdc298e51081f88b4d.jpg,416,416,Motorcycle,4,79,394,396
43dcff50b018f61c_jpg.rf.d5c0c3b429664da9bd89ef5c45404bdd.jpg,416,416,Car,2,280,178,410
43dcff50b018f61c_jpg.rf.d5c0c3b429664da9bd89ef5c45404bdd.jpg,416,416,Car,407,252,415,271
8448957c4e76c2c4_jpg.rf.d510eaf3637ca24943fba487b1c6514d.jpg,416,416,Car,298,305,403,396
8448957c4e76c2c4_jpg.rf.d510eaf3637ca24943fba487b1c6514d.jpg,416,416,Car,384,318,415,389
933a65f721f20680_jpg.rf.ddfd812360fe57ff174ca9026fa0e683.jpg,416,416,Motorcycle,57,9,416,416
949779eae219ffbb_jpg.rf.df6ce54b65cf47b923eef83200587318.jpg,416,416,Truck,98,257,416,413
f346d416e5980473_jpg.rf.db21672b8b624406a845f1d399d93538.jpg,416,416,Truck,201,287,269,352
f346d416e5980473_jpg.rf.db21672b8b624406a845f1d399d93538.jpg,416,416,Truck,272,307,308,343
4449601908f2515e_jpg.rf.e3f8918ea36bb50a6245387724ee9856.jpg,416,416,Bus,0,165,27,316
4449601908f2515e_jpg.rf.e3f8918ea36bb50a6245387724ee9856.jpg,416,416,Bus,24,132,415,363
58e253c5a17f2ca8_jpg.rf.e2dc1a003069689a53051c8cad329b27.jpg,416,416,Car,0,28,106,151
58e253c5a17f2ca8_jpg.rf.e2dc1a003069689a53051c8cad329b27.jpg,416,416,Car,0,30,300,308
58e253c5a17f2ca8_jpg.rf.e2dc1a003069689a53051c8cad329b27.jpg,416,416,Car,60,9,141,51
58e253c5a17f2ca8_jpg.rf.e2dc1a003069689a53051c8cad329b27.jpg,416,416,Car,204,64,275,111
58e253c5a17f2ca8_jpg.rf.e2dc1a003069689a53051c8cad329b27.jpg,416,416,Car,278,47,394,150
58e253c5a17f2ca8_jpg.rf.e2dc1a003069689a53051c8cad329b27.jpg,416,416,Car,394,85,416,145
2f84bd4d0f335907_jpg.rf.e2faba3012432cf605cb2ed12f05f3fc.jpg,416,416,Car,0,234,52,282
2f84bd4d0f335907_jpg.rf.e2faba3012432cf605cb2ed12f05f3fc.jpg,416,416,Car,40,230,86,263
024a282cdc754de8_jpg.rf.df0582e97241dc068d18b2a4bce15e50.jpg,416,416,Car,0,139,163,415
32af44c2a2cfb296_jpg.rf.e481dc6075148c812a545eeb8f72db22.jpg,416,416,Car,1,31,81,165
32af44c2a2cfb296_jpg.rf.e481dc6075148c812a545eeb8f72db22.jpg,416,416,Car,11,66,353,401
32af44c2a2cfb296_jpg.rf.e481dc6075148c812a545eeb8f72db22.jpg,416,416,Car,70,42,113,125
32af44c2a2cfb296_jpg.rf.e481dc6075148c812a545eeb8f72db22.jpg,416,416,Car,101,21,190,165
32af44c2a2cfb296_jpg.rf.e481dc6075148c812a545eeb8f72db22.jpg,416,416,Car,381,84,416,146
32af44c2a2cfb296_jpg.rf.e481dc6075148c812a545eeb8f72db22.jpg,416,416,Car,392,105,416,164
b8e3cfcdf196bc11_jpg.rf.da6417ec310b3640a40a2a1eec392e4a.jpg,416,416,Truck,0,0,416,416
b2a36196721315df_jpg.rf.ddfcf39669f4900704c88a88fe1bf989.jpg,416,416,Car,334,304,386,345
b2a36196721315df_jpg.rf.ddfcf39669f4900704c88a88fe1bf989.jpg,416,416,Car,383,310,403,340
b2a36196721315df_jpg.rf.ddfcf39669f4900704c88a88fe1bf989.jpg,416,416,Car,398,303,416,337
33f44ac135f3aef7_jpg.rf.e5595f10e247f001cd4e3ead7328b2ba.jpg,416,416,Car,0,84,54,134
33f44ac135f3aef7_jpg.rf.e5595f10e247f001cd4e3ead7328b2ba.jpg,416,416,Car,39,97,390,307
d3ecf31b6ea93e9c_jpg.rf.e610df9dda28762ec7c9793c81c58122.jpg,416,416,Bus,0,92,127,319
d3ecf31b6ea93e9c_jpg.rf.e610df9dda28762ec7c9793c81c58122.jpg,416,416,Bus,122,24,342,413
5400848ead05f765_jpg.rf.e9524b4d4331e04a23b66efbb07af39b.jpg,416,416,Car,0,325,73,416
5400848ead05f765_jpg.rf.e9524b4d4331e04a23b66efbb07af39b.jpg,416,416,Car,88,340,271,415
68caac3407b2275f_jpg.rf.e64d1465bd08f7326c60c5f049230677.jpg,416,416,Ambulance,47,65,236,268
68caac3407b2275f_jpg.rf.e64d1465bd08f7326c60c5f049230677.jpg,416,416,Ambulance,64,0,364,374
020fcce8dd0c0653_jpg.rf.e7170c962809db5b352f36dfee3288b4.jpg,416,416,Bus,5,188,35,295
020fcce8dd0c0653_jpg.rf.e7170c962809db5b352f36dfee3288b4.jpg,416,416,Bus,16,181,141,311
020fcce8dd0c0653_jpg.rf.e7170c962809db5b352f36dfee3288b4.jpg,416,416,Bus,122,179,206,304
020fcce8dd0c0653_jpg.rf.e7170c962809db5b352f36dfee3288b4.jpg,416,416,Bus,227,170,328,346
020fcce8dd0c0653_jpg.rf.e7170c962809db5b352f36dfee3288b4.jpg,416,416,Bus,305,183,402,312
020fcce8dd0c0653_jpg.rf.e7170c962809db5b352f36dfee3288b4.jpg,416,416,Bus,395,190,413,290
4b48a5de005d5162_jpg.rf.e8146e5d8a8e9f8c4bd295563bcbeb31.jpg,416,416,Bus,4,1,416,408
4b48a5de005d5162_jpg.rf.e8146e5d8a8e9f8c4bd295563bcbeb31.jpg,416,416,Bus,373,131,416,303
a9cbd4910c5d9086_jpg.rf.e9aef63e1931282d866cdd956d98c07b.jpg,416,416,Bus,7,4,408,409
a9cbd4910c5d9086_jpg.rf.e9aef63e1931282d866cdd956d98c07b.jpg,416,416,Bus,318,122,416,416
559a81baaab7e2df_jpg.rf.ec21a4579dedf36f160bba90e62c448b.jpg,416,416,Motorcycle,198,98,259,184
559a81baaab7e2df_jpg.rf.ec21a4579dedf36f160bba90e62c448b.jpg,416,416,Motorcycle,202,94,296,380
559a81baaab7e2df_jpg.rf.ec21a4579dedf36f160bba90e62c448b.jpg,416,416,Motorcycle,328,84,359,132
62095bcc48bd06cf_jpg.rf.e99e38b7aecc08dce73f05f0d735ac2b.jpg,416,416,Car,0,291,51,393
62095bcc48bd06cf_jpg.rf.e99e38b7aecc08dce73f05f0d735ac2b.jpg,416,416,Car,105,253,416,416
d24ca593fdb348fc_jpg.rf.e849ff4e73796e6d6bcced371142685e.jpg,416,416,Ambulance,48,134,157,250
bdb39aad895c90c6_jpg.rf.e9105f092d053710b8eee531f4b01dce.jpg,416,416,Car,0,81,29,138
bdb39aad895c90c6_jpg.rf.e9105f092d053710b8eee531f4b01dce.jpg,416,416,Car,0,88,146,220
bdb39aad895c90c6_jpg.rf.e9105f092d053710b8eee531f4b01dce.jpg,416,416,Car,48,90,312,351
bdb39aad895c90c6_jpg.rf.e9105f092d053710b8eee531f4b01dce.jpg,416,416,Car,125,65,214,127
bdb39aad895c90c6_jpg.rf.e9105f092d053710b8eee531f4b01dce.jpg,416,416,Car,278,69,377,155
9c8fc20bce80d5d0_jpg.rf.e41896119f91b2cfaaa34ee20714d33f.jpg,416,416,Bus,212,187,290,276
cdae08c988feed9d_jpg.rf.e32bf8f0e962a45189b854742da6d5ee.jpg,416,416,Car,32,218,97,263
00e13aca7d2f904a_jpg.rf.e94165aefcb2f93672f2945a75aa2964.jpg,416,416,Truck,0,41,376,356
1781ceeba365928b_jpg.rf.ec1c955ee52411df3566aaa0a2c5c0c5.jpg,416,416,Bus,116,71,349,354
7c7fb68e46068c1a_jpg.rf.ed6597f94189bafb932d03f26c429dfb.jpg,416,416,Bus,0,96,337,353
8a72cf2f25b0b187_jpg.rf.e9bdb402ff4c919066a5785e6b9cf3f3.jpg,416,416,Car,35,138,265,331
8a72cf2f25b0b187_jpg.rf.e9bdb402ff4c919066a5785e6b9cf3f3.jpg,416,416,Car,208,140,377,230
8064f777d12332de_jpg.rf.e3dbf45105704ef9e7c4f0015438f195.jpg,416,416,Car,242,144,411,351
8064f777d12332de_jpg.rf.e3dbf45105704ef9e7c4f0015438f195.jpg,416,416,Car,0,107,93,141
8064f777d12332de_jpg.rf.e3dbf45105704ef9e7c4f0015438f195.jpg,416,416,Car,0,127,351,415
1d58456f6d5e9498_jpg.rf.ed80c07d8ffd18ad3b44a4a88a2afa74.jpg,416,416,Bus,15,126,231,293
709b17bde853983b_jpg.rf.ed8901d3d7bdec5d19bb49ee67c0492e.jpg,416,416,Car,212,128,366,236
52c0ecb1f2fdebd4_jpg.rf.ee222db6945b61f5993efd6e55f1e1e2.jpg,416,416,Car,44,11,397,406
aa159f88e636f64c_jpg.rf.edadc3a2495da75fd32c666df4c06531.jpg,416,416,Motorcycle,127,211,214,322
d33bb0d6aa206686_jpg.rf.ee5a0d115fc67cd2d4eff07e8869e3e9.jpg,416,416,Car,232,351,244,362
d33bb0d6aa206686_jpg.rf.ee5a0d115fc67cd2d4eff07e8869e3e9.jpg,416,416,Car,235,350,260,372
f971dfb20ee52e9b_jpg.rf.edbd9fad224f16f1e5d10e338d86eddf.jpg,416,416,Bus,257,158,380,222
eaa621be0a24470e_jpg.rf.ed516578e53a2e82c6a6a8cb4c854d11.jpg,416,416,Bus,63,109,348,369
63c912059a45468b_jpg.rf.ecd5e50a2a9ad271e3463fc8ddae3d16.jpg,416,416,Truck,278,117,342,215
7f521593dc5e1d37_jpg.rf.ef5cb2e4789384e90e41a817b529597d.jpg,416,416,Bus,47,68,338,332
82d3bb8f9d736f88_jpg.rf.efde038bb5c65888e8e34208c238c677.jpg,416,416,Truck,74,152,346,295
82d3bb8f9d736f88_jpg.rf.efde038bb5c65888e8e34208c238c677.jpg,416,416,Truck,307,175,416,258
26a70b16b74ea019_jpg.rf.f24a87707cbd10c3cbf2d24f4cbba87b.jpg,416,416,Ambulance,113,95,362,346
eeaaa970c01c0f77_jpg.rf.f61176b30f550ee011c6cbe14bd52cf4.jpg,416,416,Ambulance,140,173,394,324
7a67044a2e20e055_jpg.rf.ef0b42cd8600cf23af4d8379862367f1.jpg,416,416,Car,0,96,35,225
7a67044a2e20e055_jpg.rf.ef0b42cd8600cf23af4d8379862367f1.jpg,416,416,Car,70,133,365,360
7f3819434208d49f_jpg.rf.f6fadeb2f512d10d7bfce6fb73ff53dd.jpg,416,416,Motorcycle,34,42,183,392
7f3819434208d49f_jpg.rf.f6fadeb2f512d10d7bfce6fb73ff53dd.jpg,416,416,Motorcycle,234,3,392,415
0158307c4ad94b38_jpg.rf.ed5200c966d7c6bffeca75a998d6cf2d.jpg,416,416,Ambulance,37,84,376,345
307f01bd9b5a07ad_jpg.rf.e7adcc2b5fb65f3bd337afcbf82c73ec.jpg,416,416,Motorcycle,80,276,133,369
307f01bd9b5a07ad_jpg.rf.e7adcc2b5fb65f3bd337afcbf82c73ec.jpg,416,416,Motorcycle,226,253,295,352
bacb74ab77c5eccf_jpg.rf.f5ea3b4936358a14740d576bd511b288.jpg,416,416,Car,48,180,181,302
bacb74ab77c5eccf_jpg.rf.f5ea3b4936358a14740d576bd511b288.jpg,416,416,Car,0,182,33,240
26775ec6cdcdbc9d_jpg.rf.f6b8bf1ad93f65d6a666c1112f001994.jpg,416,416,Truck,12,68,402,358
abbe2d8b6072322a_jpg.rf.f73a6342447d7d501caedd3b11177c24.jpg,416,416,Car,37,143,127,230
abbe2d8b6072322a_jpg.rf.f73a6342447d7d501caedd3b11177c24.jpg,416,416,Car,137,166,198,219
abbe2d8b6072322a_jpg.rf.f73a6342447d7d501caedd3b11177c24.jpg,416,416,Car,186,170,236,217
abbe2d8b6072322a_jpg.rf.f73a6342447d7d501caedd3b11177c24.jpg,416,416,Car,223,146,299,241
abbe2d8b6072322a_jpg.rf.f73a6342447d7d501caedd3b11177c24.jpg,416,416,Car,234,166,416,326
abbe2d8b6072322a_jpg.rf.f73a6342447d7d501caedd3b11177c24.jpg,416,416,Car,319,136,403,213
d1d94b2d00fe61ca_jpg.rf.fb9ecddca460678a8e0fa2933f390833.jpg,416,416,Truck,0,24,402,392
8e1ded483cacc175_jpg.rf.f4e5c848df67354c6cecf7549250a18d.jpg,416,416,Truck,213,90,410,286
a238a0fee56f0d0c_jpg.rf.f107b570b5e8d64da1efea1ed4edbd2f.jpg,416,416,Ambulance,364,262,416,406
fa4373131d980682_jpg.rf.fde5a677997368d29d4b00dfd08312a0.jpg,416,416,Ambulance,172,189,230,261
c7bcb6bf2ea5b289_jpg.rf.fa88385541440e9fadb7588d96a93696.jpg,416,416,Car,44,193,135,246
c7bcb6bf2ea5b289_jpg.rf.fa88385541440e9fadb7588d96a93696.jpg,416,416,Car,112,192,134,224
c7bcb6bf2ea5b289_jpg.rf.fa88385541440e9fadb7588d96a93696.jpg,416,416,Car,125,190,152,219
c7bcb6bf2ea5b289_jpg.rf.fa88385541440e9fadb7588d96a93696.jpg,416,416,Car,147,194,157,215
c7bcb6bf2ea5b289_jpg.rf.fa88385541440e9fadb7588d96a93696.jpg,416,416,Car,157,199,168,214
c7bcb6bf2ea5b289_jpg.rf.fa88385541440e9fadb7588d96a93696.jpg,416,416,Car,162,199,173,209
c7bcb6bf2ea5b289_jpg.rf.fa88385541440e9fadb7588d96a93696.jpg,416,416,Car,227,171,249,192
6f90ee12f14ee50a_jpg.rf.fb4157aaea2817a80c40c95862c4ea32.jpg,416,416,Car,177,120,259,184
6f90ee12f14ee50a_jpg.rf.fb4157aaea2817a80c40c95862c4ea32.jpg,416,416,Car,405,107,416,166
897ab2755c40c9d5_jpg.rf.fe61f1615dcc9d1880858afcdbd4f0ee.jpg,416,416,Motorcycle,19,23,407,413
897ab2755c40c9d5_jpg.rf.fe61f1615dcc9d1880858afcdbd4f0ee.jpg,416,416,Motorcycle,0,178,66,415
b76ccf04540bc757_jpg.rf.fbfe40d6e575d754e7523ee7f0ff7646.jpg,416,416,Motorcycle,144,47,399,416
fd063bf2b2c9def1_jpg.rf.f361e856079d626fa1e565b8cf51aa00.jpg,416,416,Motorcycle,46,237,187,412
0c5138e15c71f741_jpg.rf.fbd1972672844a58e97c061ab1f7fa22.jpg,416,416,Ambulance,48,50,400,366
0c5138e15c71f741_jpg.rf.fbd1972672844a58e97c061ab1f7fa22.jpg,416,416,Ambulance,395,189,415,345